-- phpMyAdmin SQL Dump
-- version 5.2.0
-- https://www.phpmyadmin.net/
--
-- Host: 127.0.0.1
-- Generation Time: Feb 02, 2024 at 06:08 PM
-- Server version: 10.4.27-MariaDB
-- PHP Version: 7.4.33

SET SQL_MODE = "NO_AUTO_VALUE_ON_ZERO";
START TRANSACTION;
SET time_zone = "+00:00";


/*!40101 SET @OLD_CHARACTER_SET_CLIENT=@@CHARACTER_SET_CLIENT */;
/*!40101 SET @OLD_CHARACTER_SET_RESULTS=@@CHARACTER_SET_RESULTS */;
/*!40101 SET @OLD_COLLATION_CONNECTION=@@COLLATION_CONNECTION */;
/*!40101 SET NAMES utf8mb4 */;

--
-- Database: `sportify_db`
--

-- --------------------------------------------------------

--
-- Table structure for table `application_department`
--

CREATE TABLE `application_department` (
  `recid_dept` int(11) NOT NULL,
  `dept` varchar(50) NOT NULL,
  `description` varchar(50) NOT NULL,
  `status` varchar(10) NOT NULL,
  `encoded_by` varchar(100) NOT NULL,
  `username_action` varchar(10) NOT NULL,
  `username_date` timestamp NOT NULL DEFAULT current_timestamp() ON UPDATE current_timestamp()
) ENGINE=InnoDB DEFAULT CHARSET=utf8 COLLATE=utf8_general_ci;

--
-- Dumping data for table `application_department`
--

INSERT INTO `application_department` (`recid_dept`, `dept`, `description`, `status`, `encoded_by`, `username_action`, `username_date`) VALUES
(2, 'SYSADMIN', 'System Administrator', 'Disable', 'Super Administrator', 'update', '2024-01-07 10:08:57'),
(3, 'OSA', 'Office of Student Affairs', 'Active', '', '', '2024-01-07 02:59:59'),
(4, 'PE', 'Physical Education', 'Active', '', '', '2024-01-07 03:00:05'),
(5, 'OP', 'Office Of The President', 'Active', 'Super Administrator', 'update', '2024-01-07 05:41:40'),
(25, 'ADMIN', 'Office Of The Administrator', 'Active', 'Super Administrator', 'update', '2024-01-12 08:11:54'),
(29, 'SAMPLE', 'Sample', 'Disable', 'Super Administrator', 'update', '2024-01-09 01:49:36'),
(30, 'CSD', 'Computer Studies Department', 'Active', 'Gerald Monzon ', 'add', '2024-01-08 06:12:21'),
(31, 'HTM', 'Hospitality And Tourism Management', 'Active', 'Gerald Monzon ', 'add', '2024-01-08 06:47:57'),
(32, 'CJED', 'Criminal Justice Education Department', 'Active', 'Gerald Monzon ', 'add', '2024-01-08 06:55:30'),
(33, 'CSD', 'Computer Studies Department', 'Active', 'Super Administrator', 'update', '2024-01-12 08:12:04'),
(34, 'TDHA', 'Training Director Heroes Academy', 'Active', 'Gerald Monzon ', 'add', '2024-01-08 06:57:08'),
(35, 'BA', 'Business Department', 'Active', 'Gerald Monzon ', 'add', '2024-01-08 06:57:23'),
(36, 'DRDI', 'Department Of Research, Development And Innovation', 'Active', 'Gerald Monzon ', 'add', '2024-01-08 06:57:53'),
(37, 'AD', 'Architecture Department', 'Active', 'Gerald Monzon ', 'add', '2024-01-08 06:58:04'),
(38, 'NSTP', 'National Service Training Program And ROTC', 'Active', 'Gerald Monzon ', 'add', '2024-01-08 06:58:18'),
(39, 'GE', 'General Education', 'Active', 'Gerald Monzon ', 'add', '2024-01-08 06:58:37'),
(40, 'EDPSYCOM', 'Education, Psychology And Communication Department', 'Active', 'Gerald Monzon ', 'add', '2024-01-08 06:59:11'),
(41, 'ENGR', 'Engineering Department', 'Active', 'Gerald Monzon ', 'add', '2024-01-08 06:59:38'),
(42, 'SEC', 'Academic Secretary', 'Active', 'Gerald Monzon ', 'add', '2024-01-08 06:59:51'),
(43, 'STAFF', 'Academic Staff', 'Active', 'Gerald Monzon ', 'add', '2024-01-08 06:59:59');

-- --------------------------------------------------------

--
-- Table structure for table `application_users`
--

CREATE TABLE `application_users` (
  `recid_user` int(11) NOT NULL,
  `dept_id` int(11) NOT NULL,
  `created_date` timestamp NOT NULL DEFAULT current_timestamp(),
  `employee_number` varchar(20) NOT NULL,
  `fname` varchar(50) NOT NULL,
  `mname` varchar(50) NOT NULL,
  `lname` varchar(50) NOT NULL,
  `suffix` varchar(10) DEFAULT NULL,
  `username` varchar(50) NOT NULL,
  `password` varchar(150) NOT NULL,
  `fullname` varchar(100) NOT NULL,
  `email_add` varchar(100) NOT NULL,
  `larawan` varchar(150) NOT NULL DEFAULT 'user.png',
  `account_status` varchar(20) NOT NULL DEFAULT 'Active',
  `account_date` timestamp NOT NULL DEFAULT current_timestamp(),
  `account_type` varchar(10) NOT NULL,
  `user_role` varchar(50) NOT NULL,
  `sems_access` tinyint(1) NOT NULL DEFAULT 0,
  `encoded_by` varchar(100) NOT NULL,
  `username_action` varchar(10) NOT NULL,
  `username_date` timestamp NOT NULL DEFAULT current_timestamp(),
  `qrcode` blob NOT NULL
) ENGINE=InnoDB DEFAULT CHARSET=utf8 COLLATE=utf8_general_ci;

--
-- Dumping data for table `application_users`
--

INSERT INTO `application_users` (`recid_user`, `dept_id`, `created_date`, `employee_number`, `fname`, `mname`, `lname`, `suffix`, `username`, `password`, `fullname`, `email_add`, `larawan`, `account_status`, `account_date`, `account_type`, `user_role`, `sems_access`, `encoded_by`, `username_action`, `username_date`, `qrcode`) VALUES
(1, 2, '2023-12-23 17:10:56', '', 'Admin', '', 'Admin', '', 'sadmin', '$2y$10$2L8YbxLkHGGXUdwOEQBqgeIlyHQsOpm/1m.b.lqZjAPj4nzLBHrL2', 'Super Administrator', '', 'admin.png', 'Active', '2023-12-23 16:58:31', 'Built-In', '', 1, '', '', '2023-12-22 06:35:59', ''),
(2, 5, '2023-12-23 17:10:56', '', 'Admin', '', 'Istrator', NULL, 'admin', '$2y$10$TrINLQ1ibHlnNscWHkPvyuDo/s5JwpPAt0qEIC42DJmZCJTBnGYYe', 'Admin Istrator ', '', 'admin.png', 'Active', '2023-12-29 07:45:19', 'Built-In', 'SYSADMIN', 1, 'Admin Istrator ', 'update', '2023-12-29 07:45:19', ''),
(77, 25, '2024-01-16 16:35:52', 'ca', 'Course', '', 'Adviser', '', 'course-adviser', '$2y$10$t6RXRSU9RZmHMue.djBue.U60JqZzzOZMAAQhEHtFE2tK9Fdif.Fq', 'Course Adviser ', 'ca@ncst.edu.ph', 'user.png', 'Active', '2024-01-16 16:35:51', 'user', 'COURSE ADVISER', 1, 'Super Administrator', 'add', '2024-01-16 16:35:51', 0x3c3f786d6c2076657273696f6e3d22312e302220656e636f64696e673d225554462d38223f3e0a3c73766720786d6c6e733d22687474703a2f2f7777772e77332e6f72672f323030302f737667222076657273696f6e3d22312e31222077696474683d2231323022206865696768743d22313230222076696577426f783d223020302031323020313230223e3c7265637420783d22302220793d2230222077696474683d2231323022206865696768743d22313230222066696c6c3d2223666666666666222f3e3c67207472616e73666f726d3d227363616c6528352e37313429223e3c67207472616e73666f726d3d227472616e736c61746528302c3029223e3c706174682066696c6c2d72756c653d226576656e6f64642220643d224d3820304c3820314c3920314c3920324c3820324c3820354c313120354c313120344c313220344c313220334c313320334c313320304c313220304c313220334c313120334c313120324c313020324c313020305a4d3920324c3920344c313120344c313120334c313020334c313020325a4d3820364c3820374c3920374c3920384c3820384c382031304c392031304c392031314c31302031314c31302031324c31312031324c31312031334c31322031334c31322031324c31332031324c31332031354c31312031354c31312031364c392031364c392031374c382031374c382032314c31332032314c31332031394c31342031394c31342032304c31352032304c31352032314c31362032314c31362032304c31372032304c31372032314c31382032314c31382031394c31392031394c31392031384c32302031384c32302031374c32312031374c32312031354c32302031354c32302031374c31392031374c31392031384c31372031384c31372031374c31382031374c31382031354c31392031354c31392031324c31382031324c31382031354c31372031354c31372031344c31362031344c31362031334c31372031334c31372031324c31362031324c31362031334c31352031334c31352031344c31342031344c31342031314c31372031314c31372031304c31362031304c313620394c313820394c31382031304c31392031304c31392031314c32302031314c32302031324c32312031324c323120384c323020384c32302031304c31392031304c313920384c313620384c313620394c313520394c31352031304c31332031304c313320394c313420394c313420384c313320384c313320394c313220394c31322031324c31312031324c31312031304c392031304c3920384c313020384c313020394c313120394c313120364c313020364c313020374c3920374c3920365a4d313220364c313220374c313320374c313320365a4d3020384c302031304c312031304c312031334c322031334c322031314c332031314c332031334c352031334c3520394c3420394c3420385a4d3620384c3620394c3720394c3720385a4d3220394c322031304c332031304c332031314c342031314c3420395a4d362031304c362031314c372031314c372031324c362031324c362031334c382031334c382031344c392031344c392031354c31302031354c31302031344c392031344c392031324c382031324c382031314c372031314c372031305a4d31352031344c31352031374c31342031374c31342031364c31322031364c31322031374c31312031374c31312031384c31322031384c31322031394c31332031394c31332031374c31342031374c31342031394c31352031394c31352032304c31362032304c31362031374c31372031374c31372031354c31362031354c31362031345a4d392031374c392031384c31302031384c31302031375a4d32302031394c32302032304c32312032304c32312031395a4d3020304c3020374c3720374c3720305a4d3120314c3120364c3620364c3620315a4d3220324c3220354c3520354c3520325a4d313420304c313420374c323120374c323120305a4d313520314c313520364c323020364c323020315a4d313620324c313620354c313920354c313920325a4d302031344c302032314c372032314c372031345a4d312031354c312032304c362032304c362031355a4d322031364c322031394c352031394c352031365a222066696c6c3d2223303030303030222f3e3c2f673e3c2f673e3c2f7376673e0a),
(78, 25, '2024-01-16 16:39:26', 'cc', 'Course', '', 'Coordinator', '', 'course-coordinator', '$2y$10$.u6gN3OaoYHeSclKtzMxSeL/azLMeNevqxSuIDNjkYjd8XxCDUgii', 'Course Coordinator ', 'cc@ncst.edu.ph', 'user.png', 'Active', '2024-01-16 16:39:26', 'user', 'COURSE COORDINATOR', 1, 'Admin Istrator ', 'add', '2024-01-16 16:39:26', 0x3c3f786d6c2076657273696f6e3d22312e302220656e636f64696e673d225554462d38223f3e0a3c73766720786d6c6e733d22687474703a2f2f7777772e77332e6f72672f323030302f737667222076657273696f6e3d22312e31222077696474683d2231323022206865696768743d22313230222076696577426f783d223020302031323020313230223e3c7265637420783d22302220793d2230222077696474683d2231323022206865696768743d22313230222066696c6c3d2223666666666666222f3e3c67207472616e73666f726d3d227363616c6528352e37313429223e3c67207472616e73666f726d3d227472616e736c61746528302c3029223e3c706174682066696c6c2d72756c653d226576656e6f64642220643d224d3920304c3920314c3820314c3820324c3920324c3920334c3820334c3820344c3920344c3920334c313020334c313020324c3920324c3920314c313020314c313020305a4d313220304c313220314c313120314c313120324c313220324c313220314c313320314c313320305a4d313120334c313120344c313020344c313020354c3820354c3820374c3920374c3920364c313020364c313020384c3620384c3620394c313020394c31302031304c31312031304c31312031314c31302031314c31302031324c31312031324c31312031334c392031334c392031304c382031304c382031314c372031314c372031304c362031304c362031314c342031314c342031304c352031304c3520384c3020384c302031324c322031324c322031314c342031314c342031324c332031324c332031334c352031334c352031324c362031324c362031334c372031334c372031324c382031324c382031354c392031354c392031344c31322031344c31322031354c31312031354c31312031364c31322031364c31322031384c31312031384c31312031374c31302031374c31302031384c392031384c392031364c382031364c382032314c392032314c392032304c31302032304c31302031394c31322031394c31322031384c31332031384c31332031394c31342031394c31342031384c31332031384c31332031364c31352031364c31352031384c31362031384c31362031394c31352031394c31352032304c31362032304c31362032314c32302032314c32302032304c31392032304c31392031364c31382031364c31382031354c31372031354c31372031364c31382031364c31382031384c31362031384c31362031364c31352031364c31352031354c31362031354c31362031344c31352031344c31352031334c31342031334c31342031324c31332031324c31332031334c31322031334c31322031324c31312031324c31312031314c31322031314c31322031304c31332031304c31332031314c31342031314c31342031304c31332031304c313320394c313420394c313420384c313320384c313320344c313220344c313220335a4d313120354c313120374c313220374c313220355a4d313020384c313020394c313120394c31312031304c31322031304c313220385a4d313520384c31352031304c31362031304c31362031314c31352031314c31352031324c31362031324c31362031334c31372031334c31372031344c31382031344c31382031334c31392031334c31392031324c32312031324c32312031314c32302031314c32302031304c32312031304c323120394c323020394c323020384c313920384c313920394c313820394c313820384c313720384c313720394c313820394c31382031304c31362031304c313620385a4d3120394c312031314c322031314c322031304c332031304c3320395a4d313920394c31392031304c31382031304c31382031314c31372031314c31372031334c31382031334c31382031314c31392031314c31392031304c32302031304c323020395a4d362031314c362031324c372031324c372031315a4d32302031334c32302031344c31392031344c31392031354c32302031354c32302031364c32312031364c32312031354c32302031354c32302031344c32312031344c32312031335a4d31332031344c31332031354c31342031354c31342031345a4d31372031394c31372032304c31382032304c31382031395a4d31312032304c31312032314c31322032314c31322032305a4d31332032304c31332032314c31342032314c31342032305a4d3020304c3020374c3720374c3720305a4d3120314c3120364c3620364c3620315a4d3220324c3220354c3520354c3520325a4d313420304c313420374c323120374c323120305a4d313520314c313520364c323020364c323020315a4d313620324c313620354c313920354c313920325a4d302031344c302032314c372032314c372031345a4d312031354c312032304c362032304c362031355a4d322031364c322031394c352031394c352031365a222066696c6c3d2223303030303030222f3e3c2f673e3c2f673e3c2f7376673e0a),
(79, 25, '2024-01-16 16:40:05', 'psmo', 'Ps', '', 'Mo', NULL, 'psmo', '$2y$10$93Gvyk7tgnLe.JTs2Bgtjulo4nXmE9j5//o9ZRj2RftpqdY/ry/q6', 'Ps Mo ', 'psmo@ncst.edu.ph', 'user.png', 'Active', '2024-01-16 16:40:05', 'user', 'PSMO', 1, 'Admin Istrator ', 'add', '2024-01-16 16:40:05', 0x3c3f786d6c2076657273696f6e3d22312e302220656e636f64696e673d225554462d38223f3e0a3c73766720786d6c6e733d22687474703a2f2f7777772e77332e6f72672f323030302f737667222076657273696f6e3d22312e31222077696474683d2231323022206865696768743d22313230222076696577426f783d223020302031323020313230223e3c7265637420783d22302220793d2230222077696474683d2231323022206865696768743d22313230222066696c6c3d2223666666666666222f3e3c67207472616e73666f726d3d227363616c6528352e37313429223e3c67207472616e73666f726d3d227472616e736c61746528302c3029223e3c706174682066696c6c2d72756c653d226576656e6f64642220643d224d313020304c313020314c313120314c313120305a4d313220304c313220324c313320324c313320305a4d3820324c3820334c3920334c3920325a4d313020324c313020334c313120334c313120325a4d313220334c313220344c313120344c313120354c313020354c313020344c3920344c3920364c3820364c3820384c3420384c3420394c3520394c352031304c362031304c362031314c342031314c342031304c332031304c332031314c322031314c322031304c302031304c302031334c322031334c322031324c342031324c342031334c352031334c352031324c362031324c362031334c382031334c382031374c392031374c392031384c382031384c382032314c392032314c392031384c31312031384c31312031394c31302031394c31302032314c31322032314c31322032304c31332032304c31332032314c31362032314c31362032304c31382032304c31382032314c32312032314c32312032304c32302032304c32302031394c32312031394c32312031384c32302031384c32302031374c32312031374c32312031364c32302031364c32302031354c32312031354c32312031324c32302031324c32302031314c32312031314c323120394c323020394c32302031304c31392031304c31392031324c32302031324c32302031344c31392031344c31392031334c31382031334c31382031344c31362031344c31362031354c31392031354c31392031374c31382031374c31382031384c31372031384c31372031394c31362031394c31362031374c31372031374c31372031364c31362031364c31362031374c31352031374c31352031354c31342031354c31342031374c31332031374c31332031364c31322031364c31322031374c31302031374c31302031364c392031364c392031334c31302031334c31302031344c31312031344c31312031334c31322031334c31322031324c31332031324c31332031334c31342031334c31342031344c31352031344c31352031334c31362031334c31362031324c31372031324c31372031314c31382031314c313820394c313920394c313920384c313820384c313820394c313720394c31372031314c31362031314c313620394c313520394c313520384c313220384c313220394c313120394c313120364c313220364c313220374c313320374c313320364c313220364c313220354c313320354c313320335a4d3920364c3920394c3820394c382031304c372031304c3720394c3620394c362031304c372031304c372031314c362031314c362031324c372031324c372031314c392031314c3920394c313020394c31302031314c31312031314c313120394c313020394c313020365a4d3020384c3020394c3320394c3320385a4d313220394c31322031314c31332031314c313320395a4d313420394c31342031304c31352031304c313520395a4d312031314c312031324c322031324c322031315a4d31342031314c31342031324c31352031324c31352031315a4d31302031324c31302031334c31312031334c31312031325a4d31322031344c31322031354c31332031354c31332031345a4d31322031374c31322031394c31332031394c31332031375a4d31342031374c31342031384c31352031384c31352031375a4d31382031384c31382032304c31392032304c31392031394c32302031394c32302031385a4d31342031394c31342032304c31352032304c31352031395a4d3020304c3020374c3720374c3720305a4d3120314c3120364c3620364c3620315a4d3220324c3220354c3520354c3520325a4d313420304c313420374c323120374c323120305a4d313520314c313520364c323020364c323020315a4d313620324c313620354c313920354c313920325a4d302031344c302032314c372032314c372031345a4d312031354c312032304c362032304c362031355a4d322031364c322031394c352031394c352031365a222066696c6c3d2223303030303030222f3e3c2f673e3c2f673e3c2f7376673e0a),
(80, 25, '2024-01-16 16:41:09', 'ac', 'Academic', '', 'Coordinator', NULL, 'academic-coordinator', '$2y$10$WFr0a/XsFib/GBQo81hvXezkp74vccznOm7jk2IO97dtOHgw0tst6', 'Academic Coordinator ', 'ac@ncst.edu.ph', 'user.png', 'Active', '2024-01-16 16:41:09', 'user', 'ACADEMIC COORDINATOR', 1, 'Admin Istrator ', 'add', '2024-01-16 16:41:09', 0x3c3f786d6c2076657273696f6e3d22312e302220656e636f64696e673d225554462d38223f3e0a3c73766720786d6c6e733d22687474703a2f2f7777772e77332e6f72672f323030302f737667222076657273696f6e3d22312e31222077696474683d2231323022206865696768743d22313230222076696577426f783d223020302031323020313230223e3c7265637420783d22302220793d2230222077696474683d2231323022206865696768743d22313230222066696c6c3d2223666666666666222f3e3c67207472616e73666f726d3d227363616c6528352e37313429223e3c67207472616e73666f726d3d227472616e736c61746528302c3029223e3c706174682066696c6c2d72756c653d226576656e6f64642220643d224d3920304c3920314c3820314c3820324c3920324c3920334c3820334c3820344c3920344c3920334c313020334c313020324c3920324c3920314c313020314c313020305a4d313220304c313220314c313120314c313120324c313220324c313220314c313320314c313320305a4d313120334c313120344c313020344c313020354c3820354c3820374c3920374c3920364c313020364c313020384c3620384c3620394c3520394c3520384c3020384c3020394c3320394c332031304c322031304c322031314c332031314c332031324c322031324c322031334c372031334c372031324c382031324c382031354c392031354c392031364c382031364c382032314c392032314c392031364c31302031364c31302031374c31312031374c31312031364c31322031364c31322031384c31312031384c31312031394c31302031394c31302032304c31312032304c31312032314c31322032314c31322032304c31312032304c31312031394c31322031394c31322031384c31332031384c31332031394c31342031394c31342031384c31332031384c31332031364c31352031364c31352031384c31362031384c31362031394c31352031394c31352032304c31362032304c31362032314c32302032314c32302032304c31392032304c31392031364c31382031364c31382031354c31372031354c31372031364c31382031364c31382031384c31362031384c31362031364c31352031364c31352031354c31362031354c31362031344c31352031344c31352031334c31342031334c31342031324c31332031324c31332031334c31322031334c31322031324c31312031324c31312031314c31322031314c31322031304c31332031304c31332031314c31342031314c31342031304c31332031304c313320394c313420394c313420384c313320384c313320344c313220344c313220335a4d313120354c313120374c313220374c313220355a4d313020384c313020394c3920394c392031304c31322031304c313220385a4d313520384c31352031304c31362031304c31362031314c31352031314c31352031324c31362031324c31362031334c31372031334c31372031344c31382031344c31382031334c31392031334c31392031324c32302031324c32302031304c32312031304c323120394c323020394c323020384c313920384c313920394c313820394c313820384c313720384c313720394c313820394c31382031304c31362031304c313620385a4d3420394c342031304c332031304c332031314c342031314c342031324c352031324c3520395a4d3620394c362031304c372031304c372031314c362031314c362031324c372031324c372031314c382031314c3820395a4d313920394c31392031304c31382031304c31382031314c31372031314c31372031334c31382031334c31382031314c31392031314c31392031304c32302031304c323020395a4d302031314c302031324c312031324c312031315a4d392031324c392031344c31312031344c31312031354c31322031354c31322031344c31312031344c31312031334c31302031334c31302031325a4d32302031334c32302031344c31392031344c31392031354c32302031354c32302031364c32312031364c32312031354c32302031354c32302031344c32312031344c32312031335a4d31332031344c31332031354c31342031354c31342031345a4d31372031394c31372032304c31382032304c31382031395a4d31332032304c31332032314c31342032314c31342032305a4d3020304c3020374c3720374c3720305a4d3120314c3120364c3620364c3620315a4d3220324c3220354c3520354c3520325a4d313420304c313420374c323120374c323120305a4d313520314c313520364c323020364c323020315a4d313620324c313620354c313920354c313920325a4d302031344c302032314c372032314c372031345a4d312031354c312032304c362032304c362031355a4d322031364c322031394c352031394c352031365a222066696c6c3d2223303030303030222f3e3c2f673e3c2f673e3c2f7376673e0a),
(81, 25, '2024-01-16 16:41:51', 'osa', 'Osa', '', 'Coordinator', NULL, 'osa-coordinator', '$2y$10$HIPLYvv1XKsMiG4sDOTECundCvu78pYySlqEItKsexqwvJD0.5PW2', 'Osa Coordinator ', 'osa@ncst.edu.ph', 'user.png', 'Active', '2024-01-16 16:41:51', 'user', 'OSA COORDINATOR', 1, 'Admin Istrator ', 'add', '2024-01-16 16:41:51', 0x3c3f786d6c2076657273696f6e3d22312e302220656e636f64696e673d225554462d38223f3e0a3c73766720786d6c6e733d22687474703a2f2f7777772e77332e6f72672f323030302f737667222076657273696f6e3d22312e31222077696474683d2231323022206865696768743d22313230222076696577426f783d223020302031323020313230223e3c7265637420783d22302220793d2230222077696474683d2231323022206865696768743d22313230222066696c6c3d2223666666666666222f3e3c67207472616e73666f726d3d227363616c6528352e37313429223e3c67207472616e73666f726d3d227472616e736c61746528302c3029223e3c706174682066696c6c2d72756c653d226576656e6f64642220643d224d3920304c3920324c3820324c3820334c3920334c3920344c313020344c313020354c313120354c313120344c313220344c313220374c313120374c313120364c313020364c313020374c3920374c3920364c3820364c3820384c3420384c3420394c3320394c3320384c3020384c3020394c3320394c332031304c322031304c322031314c312031314c312031324c302031324c302031334c312031334c312031324c332031324c332031314c352031314c352031334c372031334c372031324c382031324c382031374c392031374c392031384c382031384c382032314c31302032314c31302032304c392032304c392031394c31312031394c31312031374c31322031374c31322031364c31332031364c31332031374c31342031374c31342031384c31352031384c31352031374c31362031374c31362031364c31382031364c31382031384c32302031384c32302031394c31382031394c31382032314c32312032314c32312032304c32302032304c32302031394c32312031394c32312031384c32302031384c32302031374c32312031374c32312031334c32302031334c32302031324c32312031324c323120394c323020394c32302031304c31392031304c31392031314c32302031314c32302031324c31392031324c31392031344c31382031344c31382031334c31372031334c31372031324c31362031324c31362031334c31352031334c31352031314c31342031314c31342031334c31332031334c31332031324c31322031324c31322031334c31312031334c31312031324c392031324c392031314c31312031314c31312031304c31302031304c313020394c313220394c313220384c313320384c313320394c313420394c31342031304c31352031304c313520384c313320384c313320344c313220344c313220334c313320334c313320324c313220324c313220314c313320314c313320304c313120304c313120314c313020314c313020305a4d313020324c313020344c313120344c313120325a4d313020374c313020384c313120384c313120375a4d313820384c313820394c313720394c31372031304c31362031304c31362031314c31382031314c313820394c313920394c313920385a4d3420394c342031304c372031304c3720395a4d382031304c382031314c392031314c392031305a4d31322031304c31322031314c31332031314c31332031305a4d362031314c362031324c372031324c372031315a4d31322031334c31322031354c31332031354c31332031335a4d31342031334c31342031344c31352031344c31352031335a4d31362031334c31362031354c31372031354c31372031335a4d31302031344c31302031354c392031354c392031364c31302031364c31302031354c31312031354c31312031345a4d31342031354c31342031364c31352031364c31352031355a4d31382031354c31382031364c31392031364c31392031374c32302031374c32302031355a4d31322031384c31322031394c31332031394c31332031385a4d31362031384c31362031394c31372031394c31372031385a4d31342031394c31342032314c31352032314c31352031395a4d31322032304c31322032314c31332032314c31332032305a4d31362032304c31362032314c31372032314c31372032305a4d3020304c3020374c3720374c3720305a4d3120314c3120364c3620364c3620315a4d3220324c3220354c3520354c3520325a4d313420304c313420374c323120374c323120305a4d313520314c313520364c323020364c323020315a4d313620324c313620354c313920354c313920325a4d302031344c302032314c372032314c372031345a4d312031354c312032304c362032304c362031355a4d322031364c322031394c352031394c352031365a222066696c6c3d2223303030303030222f3e3c2f673e3c2f673e3c2f7376673e0a),
(82, 25, '2024-01-16 16:42:27', 'cm', 'Campus', '', 'Manager', NULL, 'campus-manager', '$2y$10$73Ba4npLkw/HMlyifDhZ3uozzEzlCPnxmkStpK1dRzVwbhSwRENh.', 'Campus Manager ', 'cm@ncst.edu.ph', 'user.png', 'Active', '2024-01-16 16:42:27', 'user', 'CAMPUS MANAGER', 1, 'Admin Istrator ', 'add', '2024-01-16 16:42:27', 0x3c3f786d6c2076657273696f6e3d22312e302220656e636f64696e673d225554462d38223f3e0a3c73766720786d6c6e733d22687474703a2f2f7777772e77332e6f72672f323030302f737667222076657273696f6e3d22312e31222077696474683d2231323022206865696768743d22313230222076696577426f783d223020302031323020313230223e3c7265637420783d22302220793d2230222077696474683d2231323022206865696768743d22313230222066696c6c3d2223666666666666222f3e3c67207472616e73666f726d3d227363616c6528352e37313429223e3c67207472616e73666f726d3d227472616e736c61746528302c3029223e3c706174682066696c6c2d72756c653d226576656e6f64642220643d224d3920304c3920314c3820314c3820324c3920324c3920334c3820334c3820344c3920344c3920334c313020334c313020324c3920324c3920314c313020314c313020305a4d313220304c313220314c313120314c313120324c313220324c313220314c313320314c313320305a4d313120334c313120344c313020344c313020354c3820354c3820374c3920374c3920364c313020364c313020384c3620384c3620394c3520394c3520384c3020384c3020394c3420394c342031304c312031304c312031314c302031314c302031334c312031334c312031324c332031324c332031334c352031334c352031324c362031324c362031334c382031334c382031354c392031354c392031334c31302031334c31302031344c31322031344c31322031354c31302031354c31302031364c382031364c382032314c392032314c392031384c31302031384c31302032314c31322032314c31322032304c31312032304c31312031394c31322031394c31322031384c31332031384c31332031394c31342031394c31342031384c31332031384c31332031364c31352031364c31352031384c31362031384c31362031394c31352031394c31352032304c31362032304c31362032314c32302032314c32302032304c31392032304c31392031364c31382031364c31382031354c31372031354c31372031364c31382031364c31382031384c31362031384c31362031364c31352031364c31352031354c31362031354c31362031344c31352031344c31352031334c31342031334c31342031324c31332031324c31332031334c31322031334c31322031324c31312031324c31312031314c31322031314c31322031304c31332031304c31332031314c31342031314c31342031304c31332031304c313320394c313420394c313420384c313320384c313320344c313220344c313220335a4d313120354c313120374c313220374c313220355a4d313020384c313020394c313120394c31312031304c31322031304c313220385a4d313520384c31352031304c31362031304c31362031314c31352031314c31352031324c31362031324c31362031334c31372031334c31372031344c31382031344c31382031334c31392031334c31392031324c32312031324c32312031314c32302031314c32302031304c32312031304c323120394c323020394c323020384c313920384c313920394c323020394c32302031304c31382031304c313820384c313720384c31372031304c31362031304c313620385a4d3620394c362031304c372031304c372031314c362031314c362031324c372031324c372031314c382031314c382031304c372031304c3720395a4d392031304c392031324c31302031324c31302031305a4d332031314c332031324c352031324c352031315a4d31372031314c31372031334c31382031334c31382031315a4d32302031334c32302031344c31392031344c31392031354c32302031354c32302031364c32312031364c32312031354c32302031354c32302031344c32312031344c32312031335a4d31332031344c31332031354c31342031354c31342031345a4d31302031364c31302031374c31312031374c31312031384c31322031384c31322031365a4d31372031394c31372032304c31382032304c31382031395a4d31332032304c31332032314c31342032314c31342032305a4d3020304c3020374c3720374c3720305a4d3120314c3120364c3620364c3620315a4d3220324c3220354c3520354c3520325a4d313420304c313420374c323120374c323120305a4d313520314c313520364c323020364c323020315a4d313620324c313620354c313920354c313920325a4d302031344c302032314c372032314c372031345a4d312031354c312032304c362032304c362031355a4d322031364c322031394c352031394c352031365a222066696c6c3d2223303030303030222f3e3c2f673e3c2f673e3c2f7376673e0a),
(83, 25, '2024-01-16 16:43:21', 'diracad', 'Director For', '', 'Academic', NULL, 'dir-acad', '$2y$10$O06wx3Vw7Fy8HVLDUgr3EeU0ldTTaZo/icW7GUEis4PfZ3PxyB6Ru', 'Director For Academic ', 'diracad@ncst.edu.ph', 'user.png', 'Active', '2024-01-16 16:43:21', 'user', 'DIRECTOR FOR ACADEMIC', 1, 'Admin Istrator ', 'add', '2024-01-16 16:43:21', 0x3c3f786d6c2076657273696f6e3d22312e302220656e636f64696e673d225554462d38223f3e0a3c73766720786d6c6e733d22687474703a2f2f7777772e77332e6f72672f323030302f737667222076657273696f6e3d22312e31222077696474683d2231323022206865696768743d22313230222076696577426f783d223020302031323020313230223e3c7265637420783d22302220793d2230222077696474683d2231323022206865696768743d22313230222066696c6c3d2223666666666666222f3e3c67207472616e73666f726d3d227363616c6528352e37313429223e3c67207472616e73666f726d3d227472616e736c61746528302c3029223e3c706174682066696c6c2d72756c653d226576656e6f64642220643d224d3820304c3820314c3920314c3920305a4d313020304c313020324c3820324c3820354c3920354c3920364c3820364c3820374c3920374c3920364c313020364c313020374c313120374c313120384c3820384c3820394c313120394c31312031314c392031314c392031304c382031304c382031314c372031314c372031304c362031304c362031314c372031314c372031324c342031324c342031314c332031314c332031304c352031304c3520394c3420394c3420384c3020384c302031334c372031334c372031324c382031324c382031314c392031314c392031324c31302031324c31302031344c31312031344c31312031354c31302031354c31302031364c392031364c392031374c382031374c382032314c31302032314c31302032304c392032304c392031374c31302031374c31302031384c31322031384c31322031394c31332031394c31332032314c31342032314c31342031394c31352031394c31352032304c31362032304c31362032314c31372032314c31372031394c31392031394c31392031384c32302031384c32302031374c32312031374c32312031354c31392031354c31392031344c31382031344c31382031314c31362031314c31362031324c31372031324c31372031334c31362031334c31362031344c31352031344c31352031334c31342031334c31342031344c31352031344c31352031354c31372031354c31372031374c31392031374c31392031384c31372031384c31372031394c31352031394c31352031364c31322031364c31322031374c31312031374c31312031354c31332031354c31332031344c31322031344c31322031334c31332031334c31332031324c31322031324c31322031304c31362031304c313620394c313920394c313920384c313620384c313620394c313420394c313420384c313320384c313320354c313220354c313220344c313320344c313320334c313220334c313220314c313320314c313320305a4d313020324c313020344c3920344c3920354c313120354c313120344c313220344c313220334c313120334c313120325a4d313120364c313120374c313220374c313220365a4d3620384c3620394c3720394c3720385a4d323020384c32302031304c31392031304c31392031334c32302031334c32302031314c32312031314c323120385a4d3220394c322031304c332031304c3320395a4d322031314c322031324c332031324c332031315a4d31342031314c31342031324c31352031324c31352031315a4d31312031324c31312031334c31322031334c31322031325a4d382031334c382031344c392031344c392031335a4d31372031344c31372031354c31382031354c31382031345a4d31322031374c31322031384c31332031384c31332031394c31342031394c31342031375a4d32302031394c32302032304c32312032304c32312031395a4d31382032304c31382032314c31392032314c31392032305a4d3020304c3020374c3720374c3720305a4d3120314c3120364c3620364c3620315a4d3220324c3220354c3520354c3520325a4d313420304c313420374c323120374c323120305a4d313520314c313520364c323020364c323020315a4d313620324c313620354c313920354c313920325a4d302031344c302032314c372032314c372031345a4d312031354c312032304c362032304c362031355a4d322031364c322031394c352031394c352031365a222066696c6c3d2223303030303030222f3e3c2f673e3c2f673e3c2f7376673e0a),
(84, 25, '2024-01-16 16:44:01', 'diradmin', 'Director For', '', 'Administration', NULL, 'dir-admin', '$2y$10$7Mlqz2WP5NEy17que5i.Ge/EiABoD6588hJurLR07dswVEmyIH3D2', 'Director For Administration ', 'diradmin@ncst.edu.ph', 'user.png', 'Active', '2024-01-16 16:44:01', 'user', 'DIRECTOR FOR ADMINISTRATION', 1, 'Admin Istrator ', 'add', '2024-01-16 16:44:01', 0x3c3f786d6c2076657273696f6e3d22312e302220656e636f64696e673d225554462d38223f3e0a3c73766720786d6c6e733d22687474703a2f2f7777772e77332e6f72672f323030302f737667222076657273696f6e3d22312e31222077696474683d2231323022206865696768743d22313230222076696577426f783d223020302031323020313230223e3c7265637420783d22302220793d2230222077696474683d2231323022206865696768743d22313230222066696c6c3d2223666666666666222f3e3c67207472616e73666f726d3d227363616c6528352e37313429223e3c67207472616e73666f726d3d227472616e736c61746528302c3029223e3c706174682066696c6c2d72756c653d226576656e6f64642220643d224d3820304c3820314c3920314c3920324c3820324c3820354c313120354c313120344c313220344c313220334c313320334c313320304c313220304c313220334c313120334c313120324c313020324c313020305a4d3920324c3920344c313120344c313120334c313020334c313020325a4d3820364c3820374c3920374c3920384c3820384c3820394c3720394c3720384c3620384c3620394c3720394c372031304c362031304c362031314c372031314c372031324c362031324c362031334c372031334c372031324c382031324c382031344c392031344c392031334c31302031334c31302031314c392031314c3920384c313020384c313020394c313120394c313120364c313020364c313020374c3920374c3920365a4d313220364c313220374c313320374c313320365a4d3020384c302031304c322031304c322031314c302031314c302031324c312031324c312031334c332031334c332031324c322031324c322031314c332031314c332031304c322031304c3220394c3420394c342031304c352031304c3520394c3420394c3420385a4d313320384c313320394c313220394c31322031324c31312031324c31312031334c31322031334c31322031324c31342031324c31342031314c31332031314c31332031304c31352031304c31352031334c31362031334c31362031344c31342031344c31342031334c31332031334c31332031354c31312031354c31312031344c31302031344c31302031354c392031354c392031374c382031374c382032314c392032314c392031394c31312031394c31312032314c31332032314c31332031394c31342031394c31342032304c31352032304c31352032314c31372032314c31372032304c31352032304c31352031394c31342031394c31342031374c31392031374c31392031384c31372031384c31372031394c31392031394c31392031384c32302031384c32302031374c31392031374c31392031344c31382031344c31382031314c31362031314c31362031304c31372031304c313720394c313920394c313920384c313620384c313620394c313420394c313420385a4d323020384c32302031304c31392031304c31392031334c32302031334c32302031314c32312031314c323120385a4d342031314c342031324c352031324c352031315a4d31372031344c31372031354c31352031354c31352031364c31372031364c31372031354c31382031354c31382031345a4d31302031354c31302031384c31322031384c31322031394c31332031394c31332031374c31342031374c31342031364c31322031364c31322031374c31312031374c31312031355a4d32302031394c32302032304c32312032304c32312031395a4d31382032304c31382032314c31392032314c31392032305a4d3020304c3020374c3720374c3720305a4d3120314c3120364c3620364c3620315a4d3220324c3220354c3520354c3520325a4d313420304c313420374c323120374c323120305a4d313520314c313520364c323020364c323020315a4d313620324c313620354c313920354c313920325a4d302031344c302032314c372032314c372031345a4d312031354c312032304c362032304c362031355a4d322031364c322031394c352031394c352031365a222066696c6c3d2223303030303030222f3e3c2f673e3c2f673e3c2f7376673e0a),
(85, 25, '2024-01-16 16:44:36', 'pres', 'Pres', '', 'Ident', NULL, 'president', '$2y$10$Mcpq1lzocsdyz5ylfjKI2udzaJVCz66E.6Kb6Ror3HTT.K1RrUPrG', 'Pres Ident ', 'pres@ncst.edu.ph', 'user.png', 'Active', '2024-01-16 16:44:36', 'user', 'PRESIDENT', 1, 'Admin Istrator ', 'add', '2024-01-16 16:44:36', 0x3c3f786d6c2076657273696f6e3d22312e302220656e636f64696e673d225554462d38223f3e0a3c73766720786d6c6e733d22687474703a2f2f7777772e77332e6f72672f323030302f737667222076657273696f6e3d22312e31222077696474683d2231323022206865696768743d22313230222076696577426f783d223020302031323020313230223e3c7265637420783d22302220793d2230222077696474683d2231323022206865696768743d22313230222066696c6c3d2223666666666666222f3e3c67207472616e73666f726d3d227363616c6528352e37313429223e3c67207472616e73666f726d3d227472616e736c61746528302c3029223e3c706174682066696c6c2d72756c653d226576656e6f64642220643d224d3820304c3820314c3920314c3920324c3820324c3820354c313120354c313120344c313220344c313220334c313320334c313320304c313220304c313220334c313120334c313120324c313020324c313020305a4d3920324c3920344c313120344c313120334c313020334c313020325a4d3820364c3820374c3920374c3920384c3820384c3820394c3920394c392031304c362031304c3620394c3720394c3720384c3620384c3620394c3520394c352031304c362031304c362031314c352031314c352031324c342031324c342031304c332031304c3320394c3420394c3420384c3020384c302031314c312031314c312031324c322031324c322031334c332031334c332031324c342031324c342031334c352031334c352031324c362031324c362031334c372031334c372031324c362031324c362031314c382031314c382031344c392031344c392031364c31302031364c31302031344c31312031344c31312031334c31322031334c31322031324c31332031324c31332031354c31312031354c31312031374c31302031374c31302031394c392031394c392031374c382031374c382032314c31302032314c31302031394c31312031394c31312032314c31332032314c31332031394c31342031394c31342032304c31352032304c31352032314c31362032314c31362032304c31382032304c31382031384c31372031384c31372031374c31362031374c31362032304c31352032304c31352031394c31342031394c31342031374c31352031374c31352031344c31362031344c31362031354c31372031354c31372031364c31382031364c31382031374c31392031374c31392031384c32302031384c32302031374c32312031374c32312031364c31392031364c31392031354c31382031354c31382031344c31362031344c31362031334c31372031334c31372031324c31382031324c31382031314c31392031314c31392031324c32302031324c32302031314c32312031314c323120384c323020384c323020394c313920394c313920384c313620384c313620394c313520394c31352031304c31332031304c313320394c313420394c313420384c313320384c313320394c313220394c31322031324c31312031324c31312031334c392031334c392031324c31302031324c31302031314c31312031314c313120364c313020364c313020374c3920374c3920365a4d313220364c313220374c313320374c313320365a4d3920384c3920394c313020394c313020385a4d3120394c312031304c322031304c322031324c332031324c332031304c322031304c3220395a4d313620394c31362031304c31382031304c313820395a4d392031304c392031314c31302031314c31302031305a4d31342031314c31342031344c31352031344c31352031334c31362031334c31362031324c31372031324c31372031315a4d31392031334c31392031344c32302031344c32302031335a4d31322031364c31322031374c31312031374c31312031384c31322031384c31322031394c31332031394c31332031374c31342031374c31342031365a4d32302031394c32302032304c32312032304c32312031395a4d3020304c3020374c3720374c3720305a4d3120314c3120364c3620364c3620315a4d3220324c3220354c3520354c3520325a4d313420304c313420374c323120374c323120305a4d313520314c313520364c323020364c323020315a4d313620324c313620354c313920354c313920325a4d302031344c302032314c372032314c372031345a4d312031354c312032304c362032304c362031355a4d322031364c322031394c352031394c352031365a222066696c6c3d2223303030303030222f3e3c2f673e3c2f673e3c2f7376673e0a),
(86, 25, '2024-01-16 16:49:10', 'og', 'Organization', '', 'President', '', 'orgpres', '$2y$10$H3Zl4ECJrzNAXV8ATKpzV.GV7rKC7yle.xTKo4GypNZi3zNFCuSAO', 'Organization President ', 'og@ncst.edu.ph', 'user.png', 'Active', '2024-01-16 16:49:10', 'user', 'ORGANIZATION PRESIDENT', 1, 'Admin Istrator ', 'add', '2024-01-16 16:49:10', 0x3c3f786d6c2076657273696f6e3d22312e302220656e636f64696e673d225554462d38223f3e0a3c73766720786d6c6e733d22687474703a2f2f7777772e77332e6f72672f323030302f737667222076657273696f6e3d22312e31222077696474683d2231323022206865696768743d22313230222076696577426f783d223020302031323020313230223e3c7265637420783d22302220793d2230222077696474683d2231323022206865696768743d22313230222066696c6c3d2223666666666666222f3e3c67207472616e73666f726d3d227363616c6528352e37313429223e3c67207472616e73666f726d3d227472616e736c61746528302c3029223e3c706174682066696c6c2d72756c653d226576656e6f64642220643d224d3820304c3820314c3920314c3920324c3820324c3820354c313120354c313120344c313220344c313220334c313320334c313320304c313220304c313220334c313120334c313120324c313020324c313020305a4d3920324c3920344c313120344c313120334c313020334c313020325a4d3820364c3820374c3920374c3920384c3820384c3820394c3920394c392031304c382031304c382031314c392031314c392031304c31302031304c313020394c313120394c313120364c313020364c313020374c3920374c3920365a4d313220364c313220374c313320374c313320365a4d3020384c302031304c342031304c342031324c322031324c322031334c382031334c382031344c392031344c392031364c31302031364c31302031374c382031374c382032314c31302032314c31302032304c31312032304c31312032314c31332032314c31332031394c31342031394c31342032304c31352032304c31352032314c31362032314c31362032304c31372032304c31372032314c31382032314c31382031394c31392031394c31392031384c32302031384c32302031374c32312031374c32312031354c32302031354c32302031374c31392031374c31392031384c31372031384c31372031374c31382031374c31382031354c31392031354c31392031334c32312031334c323120384c323020384c32302031304c31392031304c313920384c313620384c313620394c313520394c31352031304c31332031304c313320394c313420394c313420384c313320384c313320394c313220394c31322031324c31302031324c31302031334c382031334c382031324c362031324c362031314c372031314c372031304c352031304c3520394c3420394c3420385a4d3620384c3620394c3720394c3720385a4d3920384c3920394c313020394c313020385a4d313620394c31362031304c31372031304c31372031314c31342031314c31342031344c31352031344c31352031374c31342031374c31342031364c31322031364c31322031374c31302031374c31302031394c392031394c392032304c31302032304c31302031394c31312031394c31312031384c31322031384c31322031394c31332031394c31332031374c31342031374c31342031394c31352031394c31352032304c31362032304c31362031374c31372031374c31372031354c31382031354c31382031324c32302031324c32302031314c31382031314c31382031304c31372031304c313720395a4d302031314c302031324c312031324c312031315a4d31322031324c31322031334c31312031334c31312031344c31302031344c31302031364c31312031364c31312031354c31332031354c31332031325a4d31362031324c31362031334c31352031334c31352031344c31362031344c31362031354c31372031354c31372031344c31362031344c31362031334c31372031334c31372031325a4d32302031394c32302032304c32312032304c32312031395a4d3020304c3020374c3720374c3720305a4d3120314c3120364c3620364c3620315a4d3220324c3220354c3520354c3520325a4d313420304c313420374c323120374c323120305a4d313520314c313520364c323020364c323020315a4d313620324c313620354c313920354c313920325a4d302031344c302032314c372032314c372031345a4d312031354c312032304c362032304c362031355a4d322031364c322031394c352031394c352031365a222066696c6c3d2223303030303030222f3e3c2f673e3c2f673e3c2f7376673e0a);

-- --------------------------------------------------------

--
-- Table structure for table `application_user_access`
--

CREATE TABLE `application_user_access` (
  `recid_useraccess` int(11) NOT NULL,
  `userid` int(11) NOT NULL,
  `sidebar` varchar(30) NOT NULL,
  `sidebar_access` varchar(3) NOT NULL DEFAULT 'No',
  `submenu` varchar(50) NOT NULL,
  `submenu_access` varchar(3) NOT NULL DEFAULT 'No',
  `access_read` varchar(3) NOT NULL DEFAULT 'No',
  `access_write` varchar(3) NOT NULL DEFAULT 'No',
  `access_modify` varchar(3) NOT NULL,
  `access_suspend` varchar(3) NOT NULL DEFAULT 'No',
  `access_useraccess` varchar(3) NOT NULL DEFAULT 'No',
  `encoded_by` varchar(100) NOT NULL,
  `username_action` varchar(10) NOT NULL,
  `username_date` timestamp NOT NULL DEFAULT current_timestamp() ON UPDATE current_timestamp()
) ENGINE=InnoDB DEFAULT CHARSET=utf8 COLLATE=utf8_general_ci;

--
-- Dumping data for table `application_user_access`
--

INSERT INTO `application_user_access` (`recid_useraccess`, `userid`, `sidebar`, `sidebar_access`, `submenu`, `submenu_access`, `access_read`, `access_write`, `access_modify`, `access_suspend`, `access_useraccess`, `encoded_by`, `username_action`, `username_date`) VALUES
(1, 77, 'Event_Approval', 'Yes', 'Course-Adviser', 'Yes', 'Yes', 'No', 'Yes', 'No', 'No', 'Super Administrator', 'add', '2024-01-16 16:35:51'),
(2, 2, 'Event_Request', 'Yes', 'none', 'No', 'Yes', 'Yes', 'Yes', '-ad', '-ad', 'Super Administrator', 'add', '2024-01-16 16:37:35'),
(3, 2, 'Setup', 'Yes', 'Setup-Department', 'Yes', 'Yes', 'Yes', 'Yes', '-ad', '-ad', 'Super Administrator', 'update', '2024-01-16 16:37:35'),
(4, 2, 'Setup', 'Yes', 'Setup-Role', 'Yes', 'Yes', 'Yes', 'Yes', '-ad', '-ad', 'Super Administrator', 'update', '2024-01-16 16:37:35'),
(5, 2, 'Setup', 'Yes', 'Setup-User', 'Yes', 'Yes', 'Yes', 'Yes', 'Yes', 'Yes', 'Super Administrator', 'update', '2024-01-16 16:37:35'),
(6, 78, 'Event_Approval', 'Yes', 'Course-Coordinator', 'Yes', 'Yes', 'No', 'Yes', 'No', 'No', 'Admin Istrator ', 'add', '2024-01-16 16:39:26'),
(7, 79, 'Event_Approval', 'Yes', 'PSMO', 'Yes', 'Yes', 'No', 'Yes', 'No', 'No', 'Admin Istrator ', 'add', '2024-01-16 16:40:05'),
(8, 80, 'Event_Approval', 'Yes', 'Academic-Coordinator', 'Yes', 'Yes', 'No', 'Yes', 'No', 'No', 'Admin Istrator ', 'add', '2024-01-16 16:41:09'),
(9, 81, 'Event_Approval', 'Yes', 'OSA-Coordinator', 'Yes', 'Yes', 'No', 'Yes', 'No', 'No', 'Admin Istrator ', 'add', '2024-01-16 16:41:51'),
(10, 82, 'Event_Approval', 'Yes', 'Campus-Manager', 'Yes', 'Yes', 'No', 'Yes', 'No', 'No', 'Admin Istrator ', 'add', '2024-01-16 16:42:27'),
(11, 83, 'Event_Approval', 'Yes', 'Dir-Academic', 'Yes', 'Yes', 'No', 'Yes', 'No', 'No', 'Admin Istrator ', 'add', '2024-01-16 16:43:21'),
(12, 84, 'Event_Approval', 'Yes', 'Dir-Administration', 'Yes', 'Yes', 'No', 'Yes', 'No', 'No', 'Admin Istrator ', 'add', '2024-01-16 16:44:01'),
(13, 85, 'Event_Approval', 'Yes', 'President', 'Yes', 'Yes', 'No', 'Yes', 'No', 'No', 'Admin Istrator ', 'add', '2024-01-16 16:44:36'),
(14, 86, 'Event_Request', 'Yes', 'none', 'No', 'Yes', 'Yes', 'No', '-ad', '-ad', 'Admin Istrator ', 'add', '2024-01-16 16:49:30'),
(15, 86, 'Setup', 'No', 'Setup-Department', 'No', 'No', 'No', 'No', '-ad', '-ad', 'Admin Istrator ', 'update', '2024-01-16 16:49:30'),
(16, 86, 'Setup', 'No', 'Setup-Role', 'No', 'No', 'No', 'No', '-ad', '-ad', 'Admin Istrator ', 'update', '2024-01-16 16:49:30'),
(17, 86, 'Setup', 'No', 'Setup-User', 'No', 'No', 'No', 'No', 'No', 'No', 'Admin Istrator ', 'update', '2024-01-16 16:49:30');

-- --------------------------------------------------------

--
-- Table structure for table `application_user_role`
--

CREATE TABLE `application_user_role` (
  `recid_userrole` int(11) NOT NULL,
  `user_role` varchar(100) NOT NULL,
  `event_request_sign_as` varchar(50) NOT NULL,
  `encoded_by` varchar(100) NOT NULL,
  `username_action` varchar(10) NOT NULL,
  `username_date` timestamp NOT NULL DEFAULT current_timestamp() ON UPDATE current_timestamp()
) ENGINE=InnoDB DEFAULT CHARSET=utf8 COLLATE=utf8_general_ci;

--
-- Dumping data for table `application_user_role`
--

INSERT INTO `application_user_role` (`recid_userrole`, `user_role`, `event_request_sign_as`, `encoded_by`, `username_action`, `username_date`) VALUES
(1, 'PRESIDENT', 'President', 'Super Administrator', 'update', '2024-01-14 01:23:59'),
(2, 'DIRECTOR FOR ADMINISTRATION', 'Director for Administration', 'Super Administrator', 'update', '2024-01-14 01:23:46'),
(3, 'DIRECTOR FOR ACADEMIC', 'Director for Academic', 'Super Administrator', 'update', '2024-01-16 14:23:04'),
(4, 'PSMO', 'PSMO', 'Super Administrator', 'update', '2024-01-14 01:21:52'),
(6, 'CAMPUS MANAGER', 'Campus Manager', 'Super Administrator', 'update', '2024-01-14 01:23:02'),
(7, 'OSA COORDINATOR', 'OSA Coordinator', 'Super Administrator', 'update', '2024-01-14 01:22:37'),
(8, 'ACADEMIC COORDINATOR', 'Academic Coordinator', 'Super Administrator', 'update', '2024-01-14 01:22:16'),
(9, 'ORGANIZATION PRESIDENT', 'Event Request', 'Super Administrator', 'update', '2024-01-14 02:54:23'),
(10, 'COURSE ADVISER', 'Course Adviser', 'Super Administrator', 'update', '2024-01-14 01:20:10'),
(11, 'COURSE COORDINATOR', 'Course Coordinator', 'Super Administrator', 'update', '2024-01-14 01:21:24'),
(12, 'COACH', '-', 'Super Administrator', 'update', '2024-01-14 02:38:51'),
(15, 'SYSADMIN', '', 'Super Administrator', 'add', '2024-01-07 09:25:36'),
(16, 'SAMPLE', '', 'Super Administrator', 'update', '2024-01-09 01:49:18'),
(17, 'CLUSTER HEAD', '', 'Gerald Monzon ', 'add', '2024-01-08 07:00:35'),
(18, 'COORDINATOR', '', 'Gerald Monzon ', 'add', '2024-01-08 07:00:51'),
(19, 'ACADEMIC SECRETARY', '', 'Gerald Monzon ', 'add', '2024-01-08 07:01:16'),
(20, 'ACADEMIC STAFF', '', 'Gerald Monzon ', 'add', '2024-01-08 07:01:21'),
(21, 'TRAINING DIRECTOR', '', 'Gerald Monzon ', 'add', '2024-01-08 07:09:00');

-- --------------------------------------------------------

--
-- Table structure for table `event_request`
--

CREATE TABLE `event_request` (
  `recid_event_request` int(11) NOT NULL,
  `event_level_ref` varchar(150) NOT NULL,
  `event_contact_num` varchar(30) NOT NULL,
  `event_in_charge` varchar(100) NOT NULL,
  `event_participant` varchar(100) NOT NULL,
  `event_venue_acty` varchar(100) NOT NULL,
  `event_time_to` varchar(20) NOT NULL,
  `event_time_from` varchar(20) NOT NULL,
  `event_time_from_text` varchar(20) NOT NULL,
  `event_time_to_text` varchar(20) NOT NULL,
  `event_no_days` int(11) NOT NULL,
  `event_date_to_text` varchar(20) NOT NULL,
  `event_date_to` date NOT NULL,
  `event_date_from_text` varchar(20) NOT NULL,
  `event_date_from` date NOT NULL,
  `event_acty_obj` varchar(100) NOT NULL,
  `event_nature_acty` varchar(50) NOT NULL,
  `event_acty_theme` varchar(100) NOT NULL,
  `event_acty_title` varchar(100) NOT NULL,
  `event_support_letter` varchar(3) NOT NULL,
  `event_support_letter_attach` varchar(300) NOT NULL,
  `event_actvty_company_person_contact` varchar(30) NOT NULL,
  `event_actvty_company_person` varchar(100) NOT NULL,
  `event_actvty_company_prospect` varchar(100) NOT NULL,
  `event_actvty_speaker` varchar(100) NOT NULL,
  `event_request_with_fee` varchar(3) NOT NULL,
  `event_wfee_student_funded` varchar(3) NOT NULL,
  `event_wfee_student_funded_amount` double(10,2) NOT NULL,
  `event_wfee_student_funded_remarks` varchar(100) NOT NULL,
  `event_wfee_school_funded` varchar(3) NOT NULL,
  `event_wfee_school_funded_amount` double(10,2) NOT NULL,
  `event_wfee_school_funded_remarks` varchar(100) NOT NULL,
  `event_wfee_org_funded` varchar(3) NOT NULL,
  `event_wfee_org_funded_amount` double(10,2) NOT NULL,
  `event_wfee_org_funded_remarks` varchar(100) NOT NULL,
  `event_wfee_ext_funded` varchar(3) NOT NULL,
  `event_wfee_ext_funded_amount` double(10,2) NOT NULL,
  `event_wfee_ext_funded_remarks` varchar(100) NOT NULL,
  `event_wfee_fund_raising` varchar(3) NOT NULL,
  `event_wfee_fund_raising_amount` double(10,2) NOT NULL,
  `event_wfee_fund_raising_remarks` varchar(100) NOT NULL,
  `event_request_transpo` varchar(3) NOT NULL,
  `event_transpo_personal` varchar(3) NOT NULL,
  `event_transpo_personal_details` varchar(100) NOT NULL,
  `event_transpo_private` varchar(3) NOT NULL,
  `event_transpo_private_details` varchar(100) NOT NULL,
  `event_transpo_school` varchar(3) NOT NULL,
  `event_transpo_school_details` varchar(100) NOT NULL,
  `event_transpo_solicited` varchar(3) NOT NULL,
  `event_transpo_solicited_details` varchar(100) NOT NULL,
  `event_person_venue_request` varchar(100) NOT NULL,
  `event_person_service_vehicle` varchar(100) NOT NULL,
  `event_person_facequip` varchar(100) NOT NULL,
  `event_person_incharge` varchar(100) NOT NULL,
  `event_dept` varchar(100) NOT NULL,
  `recid_dept` int(11) NOT NULL,
  `course_adviser_sign` int(11) NOT NULL,
  `course_adviser_sign_date` datetime NOT NULL,
  `course_coordinator_sign` int(11) NOT NULL,
  `course_coordinator_sign_date` datetime NOT NULL,
  `psmo_sign` int(11) NOT NULL,
  `psmo_sign_date` datetime NOT NULL,
  `acad_coordinator_sign` int(11) NOT NULL,
  `acad_coordinator_sign_date` datetime NOT NULL,
  `osa_sign` int(11) NOT NULL,
  `osa_sign_date` datetime NOT NULL,
  `campus_manager_sign` int(11) NOT NULL,
  `campus_manager_sign_date` datetime NOT NULL,
  `dir_acad_sign` int(11) NOT NULL,
  `dir_acad_sign_date` datetime NOT NULL,
  `dir_admin_sign` int(11) NOT NULL,
  `dir_admin_sign_date` datetime NOT NULL,
  `pres_sign` int(11) NOT NULL,
  `pres_sign_date` datetime NOT NULL,
  `status` varchar(50) NOT NULL,
  `event_est_budget` double(10,2) NOT NULL,
  `event_inside_attach` varchar(300) NOT NULL,
  `encoded_by` varchar(100) NOT NULL,
  `username_action` varchar(10) NOT NULL,
  `username_date` timestamp NOT NULL DEFAULT current_timestamp() ON UPDATE current_timestamp(),
  `course_adviser_remarks` varchar(100) NOT NULL,
  `course_coordinator_remarks` varchar(100) NOT NULL,
  `psmo_remarks` varchar(100) NOT NULL,
  `acad_coordinator_remarks` varchar(100) NOT NULL,
  `osa_remarks` varchar(100) NOT NULL,
  `campus_manager_remarks` varchar(100) NOT NULL,
  `dir_acad_remarks` varchar(100) NOT NULL,
  `dir_admin_remarks` varchar(100) NOT NULL,
  `pres_remarks` varchar(100) NOT NULL
) ENGINE=InnoDB DEFAULT CHARSET=utf8 COLLATE=utf8_general_ci;

--
-- Dumping data for table `event_request`
--

INSERT INTO `event_request` (`recid_event_request`, `event_level_ref`, `event_contact_num`, `event_in_charge`, `event_participant`, `event_venue_acty`, `event_time_to`, `event_time_from`, `event_time_from_text`, `event_time_to_text`, `event_no_days`, `event_date_to_text`, `event_date_to`, `event_date_from_text`, `event_date_from`, `event_acty_obj`, `event_nature_acty`, `event_acty_theme`, `event_acty_title`, `event_support_letter`, `event_support_letter_attach`, `event_actvty_company_person_contact`, `event_actvty_company_person`, `event_actvty_company_prospect`, `event_actvty_speaker`, `event_request_with_fee`, `event_wfee_student_funded`, `event_wfee_student_funded_amount`, `event_wfee_student_funded_remarks`, `event_wfee_school_funded`, `event_wfee_school_funded_amount`, `event_wfee_school_funded_remarks`, `event_wfee_org_funded`, `event_wfee_org_funded_amount`, `event_wfee_org_funded_remarks`, `event_wfee_ext_funded`, `event_wfee_ext_funded_amount`, `event_wfee_ext_funded_remarks`, `event_wfee_fund_raising`, `event_wfee_fund_raising_amount`, `event_wfee_fund_raising_remarks`, `event_request_transpo`, `event_transpo_personal`, `event_transpo_personal_details`, `event_transpo_private`, `event_transpo_private_details`, `event_transpo_school`, `event_transpo_school_details`, `event_transpo_solicited`, `event_transpo_solicited_details`, `event_person_venue_request`, `event_person_service_vehicle`, `event_person_facequip`, `event_person_incharge`, `event_dept`, `recid_dept`, `course_adviser_sign`, `course_adviser_sign_date`, `course_coordinator_sign`, `course_coordinator_sign_date`, `psmo_sign`, `psmo_sign_date`, `acad_coordinator_sign`, `acad_coordinator_sign_date`, `osa_sign`, `osa_sign_date`, `campus_manager_sign`, `campus_manager_sign_date`, `dir_acad_sign`, `dir_acad_sign_date`, `dir_admin_sign`, `dir_admin_sign_date`, `pres_sign`, `pres_sign_date`, `status`, `event_est_budget`, `event_inside_attach`, `encoded_by`, `username_action`, `username_date`, `course_adviser_remarks`, `course_coordinator_remarks`, `psmo_remarks`, `acad_coordinator_remarks`, `osa_remarks`, `campus_manager_remarks`, `dir_acad_remarks`, `dir_admin_remarks`, `pres_remarks`) VALUES
(78, 'LEVEL 1A - (Subject Releted Activities) In-Classroom', '345345', 'SAMPLE 1', 'SAMPLE 1', 'SAMPLE 1', '17:00', '08:00', '08:00 AM', '05:00 PM', 4, 'February 09, 2024 ', '2024-02-09', 'February 05, 2024 ', '2024-02-05', 'SAMPLE 1', 'Academic', 'SAMPLE 1', 'SAMPLE 1', 'No', '', '', '', '', '', 'No', 'No', 0.00, '', 'No', 0.00, '', 'No', 0.00, '', 'No', 0.00, '', 'No', 0.00, '', 'No', 'No', '', 'No', '', 'No', '', 'No', '', 'SAMPLE 1', 'SAMPLE 1', 'SAMPLE 1', 'SAMPLE 1', 'Office Of The Administrator', 25, 2, '2024-02-02 14:27:41', 2, '2024-02-02 15:11:50', 3, '0000-00-00 00:00:00', 0, '0000-00-00 00:00:00', 0, '0000-00-00 00:00:00', 0, '0000-00-00 00:00:00', 0, '0000-00-00 00:00:00', 0, '0000-00-00 00:00:00', 0, '0000-00-00 00:00:00', 'Rejected by the PSMO', 0.00, '11853206e98487c2429d45c8a50fbcf8-psmo.jpg', 'Organization President ', 'add', '2024-02-02 08:22:39', 'approved by course adviser', 'Approved by Course Coordinator', 'Rejected by PSMO', '', '', '', '', '', ''),
(79, 'LEVEL 1B - (Subject Releted Activities) Out-Classroom', '4534534', 'SAMPLE 2', 'SAMPLE 2', 'SAMPLE 2', '17:00', '07:00', '07:00 AM', '05:00 PM', 4, 'February 09, 2024 ', '2024-02-09', 'February 05, 2024 ', '2024-02-05', 'SAMPLE 2', 'Non-academic', 'SAMPLE 2', 'SAMPLE 2', 'Yes', '513da2c45e8642405b8afcc4a235001b-invitation.jpg', '', 'SAMPLE 2', 'SAMPLE 2', 'SAMPLE 2', 'No', 'No', 0.00, '', 'No', 0.00, '', 'No', 0.00, '', 'No', 0.00, '', 'No', 0.00, '', 'No', 'No', '', 'No', '', 'No', '', 'No', '', 'SAMPLE 2', 'SAMPLE 2', 'SAMPLE 2', 'SAMPLE 2', 'Office Of The Administrator', 25, 2, '2024-02-02 14:28:06', 2, '2024-02-02 15:11:37', 2, '2024-02-02 16:22:20', 3, '0000-00-00 00:00:00', 0, '0000-00-00 00:00:00', 0, '0000-00-00 00:00:00', 0, '0000-00-00 00:00:00', 0, '0000-00-00 00:00:00', 0, '0000-00-00 00:00:00', 'Rejected by the Academic Coordinator', 0.00, 'd224012c0b3d570a726d16f5f47d123e-psmo.jpg', 'Organization President ', 'add', '2024-02-02 08:34:55', 'approved by course adviser', 'Approved by Course Coordinator', 'Approved by PSMO', 'Rejected by Academic Coordinator', '', '', '', '', ''),
(80, 'LEVEL 1C - (Subject Releted Activities) Out-Campus', '435345', 'SAMPLE 3', 'SAMPLE 3', 'SAMPLE 3', '17:00', '07:00', '07:00 AM', '05:00 PM', 4, 'February 09, 2024 ', '2024-02-09', 'February 05, 2024 ', '2024-02-05', 'SAMPLE 3', 'Academic', 'SAMPLE 3', 'SAMPLE 3', 'No', '', '', '', '', '', 'No', 'No', 0.00, '', 'No', 0.00, '', 'No', 0.00, '', 'No', 0.00, '', 'No', 0.00, '', 'No', 'No', '', 'No', '', 'No', '', 'No', '', 'SAMPLE 3', 'SAMPLE 3', 'SAMPLE 3', 'SAMPLE 3', 'Office Of The Administrator', 25, 3, '0000-00-00 00:00:00', 0, '0000-00-00 00:00:00', 0, '0000-00-00 00:00:00', 0, '0000-00-00 00:00:00', 0, '0000-00-00 00:00:00', 0, '0000-00-00 00:00:00', 0, '0000-00-00 00:00:00', 0, '0000-00-00 00:00:00', 0, '0000-00-00 00:00:00', 'Rejected by the Course Adviser', 0.00, 'd0bd40b4838cb3898c91bc7fc168603b-psmo.jpg', 'Organization President ', 'add', '2024-02-02 06:46:36', 'Rejected by Course Adviser', '', '', '', '', '', '', '', ''),
(81, 'LEVEL 2A - (Dept./Org.  Activities) In-Campus', '4345435454', 'SAMPLE 4', 'SAMPLE 4', 'SAMPLE 4', '17:00', '07:00', '07:00 AM', '05:00 PM', 4, 'February 09, 2024 ', '2024-02-09', 'February 05, 2024 ', '2024-02-05', 'SAMPLE 4', 'Organization/Club', 'SAMPLE 4', 'SAMPLE 4', 'No', '', '', '', '', '', 'No', 'No', 0.00, '', 'No', 0.00, '', 'No', 0.00, '', 'No', 0.00, '', 'No', 0.00, '', 'No', 'No', '', 'No', '', 'No', '', 'No', '', 'SAMPLE 4', 'SAMPLE 4', 'SAMPLE 4', 'SAMPLE 4', 'Office Of The Administrator', 25, 2, '2024-02-02 14:46:17', 2, '2024-02-02 15:11:25', 2, '2024-02-02 16:22:07', 2, '2024-02-02 16:34:34', 2, '2024-02-02 21:57:19', 3, '0000-00-00 00:00:00', 0, '0000-00-00 00:00:00', 0, '0000-00-00 00:00:00', 0, '0000-00-00 00:00:00', 'Rejected by the Campus Manager', 0.00, '76613b54caa930d364fe3e357e74102f-psmo.jpg', 'Organization President ', 'add', '2024-02-02 13:59:29', 'Approved by Course Adviser', 'Approved by Course Coordinator', 'Approved by PSMO', 'Approved by Academic Coordinator', 'Approved by OSA Coordinator', 'Rejected by Campus Manager', '', '', ''),
(82, 'LEVEL 2B - (Dept./Org.  Activities) Out-Campus', '43534534', 'SAMPLE 5', 'SAMPLE 5', 'SAMPLE 5', '17:00', '07:00', '07:00 AM', '05:00 PM', 4, 'February 09, 2024 ', '2024-02-09', 'February 05, 2024 ', '2024-02-05', 'SAMPLE 5', 'Academic', 'SAMPLE 5', 'SAMPLE 5', 'No', '', '', '', '', '', 'No', 'No', 0.00, '', 'No', 0.00, '', 'No', 0.00, '', 'No', 0.00, '', 'No', 0.00, '', 'No', 'No', '', 'No', '', 'No', '', 'No', '', 'SAMPLE 5', 'SAMPLE 5', 'SAMPLE 5', 'SAMPLE 5', 'Office Of The Administrator', 25, 2, '2024-02-02 14:46:05', 2, '2024-02-02 15:11:11', 2, '2024-02-02 16:21:55', 2, '2024-02-02 16:34:22', 2, '2024-02-02 21:56:59', 2, '2024-02-02 21:59:08', 0, '0000-00-00 00:00:00', 0, '0000-00-00 00:00:00', 0, '0000-00-00 00:00:00', '', 0.00, '9253581f0becb0e9d55d6d4c74d5e563-psmo.jpg', 'Organization President ', 'add', '2024-02-02 14:36:04', 'Approved by Course Adviser', 'Approved by Course Coordinator', 'Approved by PSMO', 'Approved by Academic Coordinator', 'Approved by OSA Coordinator', 'Approved by Campus Manager', 'Rejected by Director for Academic', '', ''),
(83, 'LEVEL 3A - (Instituional  Activities) In-Campus', '45645645', 'SAMPLE 5', 'SAMPLE 5', 'SAMPLE 5', '17:00', '07:00', '07:00 AM', '05:00 PM', 4, 'February 09, 2024 ', '2024-02-09', 'February 05, 2024 ', '2024-02-05', 'SAMPLE 5', 'Academic', 'SAMPLE 5', 'SAMPLE 6', 'No', '', '', '', '', '', 'No', 'No', 0.00, '', 'No', 0.00, '', 'No', 0.00, '', 'No', 0.00, '', 'No', 0.00, '', 'No', 'No', '', 'No', '', 'No', '', 'No', '', 'SAMPLE 5', 'SAMPLE 5', 'SAMPLE 5', 'SAMPLE 5', 'Office Of The Administrator', 25, 2, '2024-02-02 14:30:25', 3, '0000-00-00 00:00:00', 0, '0000-00-00 00:00:00', 0, '0000-00-00 00:00:00', 0, '0000-00-00 00:00:00', 0, '0000-00-00 00:00:00', 0, '0000-00-00 00:00:00', 0, '0000-00-00 00:00:00', 0, '0000-00-00 00:00:00', 'Rejected by the Course Coordinator', 0.00, '50752825b2f9a07113ac79f8517fc97c-psmo.jpg', 'Organization President ', 'add', '2024-02-02 07:10:18', 'Approved by Course Adviser', 'Rejected by Course Coordinator', '', '', '', '', '', '', ''),
(84, 'LEVEL 3A - (Instituional  Activities) In-Campus', '45645645', 'SAMPLE 7', 'SAMPLE 7', 'SAMPLE 7', '17:00', '07:00', '07:00 AM', '05:00 PM', 4, 'February 09, 2024 ', '2024-02-09', 'February 05, 2024 ', '2024-02-05', 'SAMPLE 7', 'Academic', 'SAMPLE 7', 'SAMPLE 7', 'No', '', '', '', '', '', 'No', 'No', 0.00, '', 'No', 0.00, '', 'No', 0.00, '', 'No', 0.00, '', 'No', 0.00, '', 'No', 'No', '', 'No', '', 'No', '', 'No', '', 'SAMPLE 7', 'SAMPLE 7', 'SAMPLE 7', 'SAMPLE 7', 'Office Of The Administrator', 25, 2, '2024-02-02 14:30:01', 2, '2024-02-02 14:51:26', 2, '2024-02-02 16:21:43', 2, '2024-02-02 16:34:10', 3, '0000-00-00 00:00:00', 0, '0000-00-00 00:00:00', 0, '0000-00-00 00:00:00', 0, '0000-00-00 00:00:00', 0, '0000-00-00 00:00:00', 'Rejected by the OSA Coordinator', 0.00, 'a6891e676ea71e37072296ebd0c4bb63-psmo.jpg', 'Organization President ', 'add', '2024-02-02 13:46:25', 'Approved by Course Adviser', 'Approved by Course Coordinator', 'Approved by PSMO', 'Approved by Academic Coordinator', 'Rejected by OSA Coordinator', '', '', '', ''),
(85, 'LEVEL 2A - (Dept./Org.  Activities) In-Campus', '4534543', 'SAMPLE 8', 'SAMPLE 8', 'SAMPLE 8', '16:00', '08:00', '08:00 AM', '04:00 PM', 4, 'February 09, 2024 ', '2024-02-09', 'February 05, 2024 ', '2024-02-05', 'SAMPLE 8', 'Academic', 'SAMPLE 8', 'SAMPLE 8', 'No', '', '', '', '', '', 'No', 'No', 0.00, '', 'No', 0.00, '', 'No', 0.00, '', 'No', 0.00, '', 'No', 0.00, '', 'No', 'No', '', 'No', '', 'No', '', 'No', '', 'SAMPLE 8', 'SAMPLE 8', 'SAMPLE 8', 'SAMPLE 8', 'Office Of The Administrator', 25, 2, '2024-02-02 14:29:47', 2, '2024-02-02 14:51:15', 2, '2024-02-02 16:21:30', 2, '2024-02-02 16:33:58', 2, '2024-02-02 21:45:58', 2, '2024-02-02 21:58:54', 3, '2024-02-02 22:35:31', 0, '2024-02-02 22:40:55', 0, '0000-00-00 00:00:00', '', 0.00, 'ddf9d59319918173dee38041216d3d8c-psmo.jpg', 'Organization President ', 'add', '2024-02-02 14:52:15', 'Approved by Course Adviser', 'Approved by Course Coordinator', 'Approved by PSMO', 'Approved by Academic Coordinator', 'Approved by OSA Coordinator', 'Approved by Campus Manager', 'Approved by Director for Academic', 'Rejected by Director for Administration', ''),
(86, 'LEVEL 1C - (Subject Releted Activities) Out-Campus', '4353453', 'SAMPLE 9', 'SAMPLE 9', 'SAMPLE 9', '17:00', '08:00', '08:00 AM', '05:00 PM', 4, 'February 09, 2024 ', '2024-02-09', 'February 05, 2024 ', '2024-02-05', 'SAMPLE 9', 'Academic', 'SAMPLE 9', 'SAMPLE 9', 'No', '', '', '', '', '', 'No', 'No', 0.00, '', 'No', 0.00, '', 'No', 0.00, '', 'No', 0.00, '', 'No', 0.00, '', 'No', 'No', '', 'No', '', 'No', '', 'No', '', 'SAMPLE 9', 'SAMPLE 9', 'SAMPLE 9', 'SAMPLE 9', 'Office Of The Administrator', 25, 2, '2024-02-02 14:29:30', 2, '2024-02-02 14:51:02', 2, '2024-02-02 16:21:13', 2, '2024-02-02 16:33:48', 2, '2024-02-02 21:45:42', 2, '2024-02-02 21:58:38', 2, '2024-02-02 22:35:14', 2, '2024-02-02 22:40:37', 2, '2024-02-02 22:41:47', 'Approved by the President [2024-02-02 22:41:47 ]', 0.00, '52a68974c0b00a102eae6d5a49da6b05-psmo.jpg', 'Organization President ', 'add', '2024-02-02 14:41:47', 'Approved by Course Adviser', 'Approved by Course Coordinator', 'Approved by PSMO', 'Approved by Academic Coordinator', 'Approved by OSA Coordinator', 'Approved by Campus Manager', 'Approved by Director for Academic', 'Rejected by Director for Administration', 'Approved by the President'),
(87, 'LEVEL 2B - (Dept./Org.  Activities) Out-Campus', '43534543', 'SAMPLE 10', 'SAMPLE 10', 'SAMPLE 10', '17:00', '08:00', '08:00 AM', '05:00 PM', 4, 'February 09, 2024 ', '2024-02-09', 'February 05, 2024 ', '2024-02-05', 'SAMPLE 10', 'Academic', 'SAMPLE 10', 'SAMPLE 10', 'No', '', '', '', '', '', 'No', 'No', 0.00, '', 'No', 0.00, '', 'No', 0.00, '', 'No', 0.00, '', 'No', 0.00, '', 'No', 'No', '', 'No', '', 'No', '', 'No', '', 'SAMPLE 10', 'SAMPLE 10', 'SAMPLE 10', 'SAMPLE 10', 'Office Of The Administrator', 25, 2, '2024-02-02 14:29:17', 2, '2024-02-02 14:50:46', 2, '2024-02-02 16:21:01', 2, '2024-02-02 16:33:38', 2, '2024-02-02 21:34:44', 2, '2024-02-02 21:58:24', 2, '2024-02-02 22:34:58', 3, '0000-00-00 00:00:00', 0, '0000-00-00 00:00:00', 'Rejected by the Director for Administration', 0.00, '59eccc805e1c59053707a3cc6fa0dff5-psmo.jpg', 'Organization President ', 'add', '2024-02-02 14:40:00', 'Approved by Course Adviser', 'Approved by Course Coordinator', 'Approved by PSMO', 'Approved by Academic Coordinator', 'Approved by OSA Coordinator', 'Approved by Campus Manager', 'Approved by Director for Academic', 'Rejected by Director for Administration', '');

-- --------------------------------------------------------

--
-- Table structure for table `height`
--

CREATE TABLE `height` (
  `recid_height` int(11) NOT NULL,
  `feet` varchar(15) NOT NULL,
  `inches` varchar(20) NOT NULL,
  `centimeter` varchar(15) NOT NULL,
  `meter` varchar(15) NOT NULL
) ENGINE=InnoDB DEFAULT CHARSET=utf8 COLLATE=utf8_general_ci;

--
-- Dumping data for table `height`
--

INSERT INTO `height` (`recid_height`, `feet`, `inches`, `centimeter`, `meter`) VALUES
(1, '4 feet', '48 in', '121.92 cm', '1.22 m'),
(2, '4 feet 1 in', '49 in', '124.46 cm', '1.24 m'),
(3, '4 feet 2 in', '50 in', '127 cm', '1.27 m'),
(4, '4 feet 3 in', '51 in', '129.54 cm', '1.3 m'),
(5, '4 feet 4 in', '52 in', '132.08 cm', '1.32 m'),
(6, '4 feet 5 in', '53 in', '134.62 cm', '1.35 m'),
(7, '4 feet 6 in', '54 in', '137.16 cm', '1.37 m'),
(8, '4 feet 7 in', '55 in', '139.7 cm', '1.4 m'),
(9, '4 feet 8 in', '56 in', '142.24 cm', '1.42 m'),
(10, '4 feet 9 in', '57 in', '144.78 cm', '1.45 m'),
(11, '4 feet 10 in', '58 in', '147.32 cm', '1.47 m'),
(12, '4 feet 11 in', '59 in', '149.86 cm', '1.5 m'),
(13, '5 feet', '60 in', '152.4 cm', '1.52 m'),
(14, '5 feet 1 in', '61 in', '154.94 cm', '1.55 m'),
(15, '5 feet 2 in', '62 in', '157.48 cm', '1.57 m'),
(16, '5 feet 3 in', '63 in', '160.02 cm', '1.6 m'),
(17, '5 feet 4 in', '64 in', '162.56 cm', '1.63 m'),
(18, '5 feet 5 in', '65 in', '165.1 cm', '1.65 m'),
(19, '5 feet 6 in', '66 in', '167.64 cm', '1.68 m'),
(20, '5 feet 7 in', '67 in', '170.18 cm', '1.7 m'),
(21, '5 feet 8 in', '68 in', '172.72 cm', '1.73 m'),
(22, '5 feet 9 in', '69 in', '175.26 cm', '1.75 m'),
(23, '5 feet 10 in', '70 in', '177.8 cm', '1.78 m'),
(24, '5 feet 11 in', '71 in', '180.34 cm', '1.8 m'),
(25, '6 feet', '72 in', '182.88 cm', '1.83 m'),
(26, '6 feet 1 in', '73 in', '185.42 cm', '1.85 m'),
(27, '6 feet 2 in', '74 in', '187.96 cm', '1.88 m'),
(28, '6 feet 3 in', '75 in', '190.5 cm', '1.91 m'),
(29, '6 feet 4 in', '76 in', '193.04 cm', '1.93 m'),
(30, '6 feet 5 in', '77 in', '195.58 cm', '1.96 m'),
(31, '6 feet 6 in', '78 in', '198.12 cm', '1.98 m'),
(32, '6 feet 7 in', '79 in', '200.66 cm', '2.01 m'),
(33, '6 feet 8 in', '80 in', '203.2 cm', '2.03 m'),
(34, '6 feet 9 in', '81 in', '205.74 cm', '2.06 m'),
(35, '6 feet 10 in', '82 in', '208.28 cm', '2.08 m'),
(36, '6 feet 11 in', '83 in', '210.82 cm', '2.11 m'),
(37, '7 feet', '84 in', '213.36 cm', '2.13 m'),
(38, '7 feet 1 in', '85 in', '215.9 cm', '2.16 m'),
(39, '7 feet 2 in', '86 in', '218.44 cm', '2.18 m'),
(40, '7 feet 3 in', '87 in', '220.98 cm', '2.21 m'),
(41, '7 feet 4 in', '88 in', '223.52 cm', '2.24 m'),
(42, '7 feet 5 in', '89 in', '226.06 cm', '2.26 m'),
(43, '7 feet 6 in', '90 in', '228.6 cm', '2.29 m'),
(44, '7 feet 7 in', '91 in', '231.14 cm', '2.31 m'),
(45, '7 feet 8 in', '92 in', '233.68 cm', '2.34 m'),
(46, '7 feet 9 in', '93 in', '236.22 cm', '2.36 m'),
(47, '7 feet 10 in', '94 in', '238.76 cm', '2.39 m'),
(48, '7 feet 11 in', '95 in', '241.3 cm', '2.41 m'),
(49, '8 feet', '96 in', '243.84 cm', '2.44 m');

-- --------------------------------------------------------

--
-- Table structure for table `player_perteam`
--

CREATE TABLE `player_perteam` (
  `recid_player_per_team` int(11) NOT NULL,
  `recid_sports_activity_details` int(11) NOT NULL,
  `player_lname` varchar(100) NOT NULL,
  `player_fname` varchar(100) NOT NULL,
  `player_mname` varchar(100) NOT NULL,
  `player_suffix` varchar(5) NOT NULL,
  `player_position` varchar(30) NOT NULL,
  `player_height` varchar(20) NOT NULL,
  `player_course` varchar(100) NOT NULL,
  `player_section` varchar(30) NOT NULL,
  `player_status` varchar(30) NOT NULL,
  `encoded_by` varchar(100) NOT NULL,
  `username_action` varchar(10) NOT NULL,
  `username_date` timestamp NOT NULL DEFAULT current_timestamp() ON UPDATE current_timestamp()
) ENGINE=InnoDB DEFAULT CHARSET=utf8 COLLATE=utf8_general_ci;

--
-- Dumping data for table `player_perteam`
--

INSERT INTO `player_perteam` (`recid_player_per_team`, `recid_sports_activity_details`, `player_lname`, `player_fname`, `player_mname`, `player_suffix`, `player_position`, `player_height`, `player_course`, `player_section`, `player_status`, `encoded_by`, `username_action`, `username_date`) VALUES
(8, 10, 'Honda', 'P Guard', '-', '', 'Point Guard', '5 feet 10 in', 'CSDP', 'Section', 'Active', 'Organization President ', 'add', '2024-01-28 14:00:05'),
(9, 10, 'Honda', 'S Guard', '-', '', 'Shooting Guard', '6 feet 2 in', 'CSDP', 'Section', 'Active', 'Organization President ', 'add', '2024-01-28 14:00:34'),
(10, 10, 'Honda', 'S Forward', '-', '', 'Small Forward', '6 feet 4 in', 'CSDP', 'Section', 'Active', 'Organization President ', 'add', '2024-01-28 14:01:03'),
(11, 10, 'Honda', 'P Forward', '-', '', 'Power Forward', '6 feet 5 in', 'CSDP', 'Section', 'Active', 'Organization President ', 'add', '2024-01-28 14:01:27'),
(12, 10, 'Honda', 'Center', '-', '', 'Center', '6 feet 7 in', 'CSDP', 'Section', 'Active', 'Organization President ', 'add', '2024-01-28 14:01:47'),
(13, 5, 'Magnolia', 'P Guard', '-', '', 'Point Guard', '5 feet 10 in', 'CSDP', 'Section', 'Active', 'Organization President ', 'add', '2024-01-28 14:02:38'),
(14, 5, 'Magnolia', 'S Guard', '-', '', 'Shooting Guard', '6 feet 2 in', 'CSDP', 'Section', 'Active', 'Organization President ', 'add', '2024-01-28 14:03:10'),
(15, 5, 'Magnolia', 'S Forward', '-', '', 'Small Forward', '6 feet 4 in', 'CSDP', 'Section', 'Active', 'Organization President ', 'add', '2024-01-28 14:03:35'),
(16, 5, 'Magnolia', 'P Foward', '-', '', 'Power Forward', '6 feet 5 in', 'CSDP', 'Section', 'Active', 'Organization President ', 'add', '2024-01-28 14:04:14'),
(17, 5, 'Magnolia', 'Center', '-', '', 'Center', '6 feet 10 in', 'CSDP', 'Section', 'Active', 'Organization President ', 'add', '2024-01-28 14:04:43'),
(18, 4, 'San Miguel', 'P Guard', '-', '', 'Point Guard', '6 feet 2 in', 'CSDP', 'Section', 'Active', 'Organization President ', 'add', '2024-01-28 14:05:54'),
(19, 4, 'San Miguel', 'S Guard', '-', '', 'Shooting Guard', '6 feet 2 in', 'CSDP', 'Section', 'Active', 'Organization President ', 'add', '2024-01-28 14:06:24'),
(20, 4, 'San Miguel', 'S Forward', '-', '', 'Small Forward', '6 feet 4 in', 'CSDP', 'Section', 'Active', 'Organization President ', 'add', '2024-01-28 14:06:50'),
(21, 4, 'San Miguel', 'P Foward', '-', '', 'Power Forward', '6 feet 6 in', 'CSDP', 'Section', 'Active', 'Organization President ', 'add', '2024-01-28 14:07:22'),
(22, 4, 'San Miguel', 'Center ', '-', '', 'Center', '6 feet 8 in', 'CSDP', 'Section', 'Active', 'Organization President ', 'add', '2024-01-28 14:07:50'),
(23, 3, 'Barako', 'P Guard', '-', '', 'Point Guard', '6 feet 1 in', 'CSDP', 'Section', 'Active', 'Organization President ', 'add', '2024-01-28 14:09:36'),
(24, 3, 'Barako', 'S Guard', '-', '', 'Shooting Guard', '6 feet 3 in', 'CSDP', 'Section', 'Active', 'Organization President ', 'add', '2024-01-28 14:09:58'),
(25, 3, 'Barako', 'S Forward', '-', '', 'Small Forward', '6 feet 6 in', 'CSDP', 'Section', 'Active', 'Organization President ', 'add', '2024-01-28 14:10:20'),
(26, 3, 'Barako', 'P Forward', '-', '', 'Power Forward', '6 feet 5 in', 'CSDP', 'Section', 'Active', 'Organization President ', 'add', '2024-01-28 14:10:44'),
(27, 3, 'Barako', 'Center', '-', '', 'Center', '6 feet 8 in', 'CSDP', 'Section', 'Active', 'Organization President ', 'add', '2024-01-28 14:11:13');

-- --------------------------------------------------------

--
-- Table structure for table `sems_apps`
--

CREATE TABLE `sems_apps` (
  `recid` int(11) NOT NULL,
  `app_name` varchar(100) NOT NULL,
  `app_short_name` varchar(50) NOT NULL,
  `app_logo` varchar(50) NOT NULL,
  `app_header_color` varchar(50) NOT NULL,
  `app_header_textcolor` varchar(50) NOT NULL,
  `app_error_color` varchar(50) NOT NULL,
  `app_menu_hover_color` varchar(50) NOT NULL,
  `tableuser` varchar(50) NOT NULL,
  `encoded_by` varchar(50) NOT NULL,
  `username_action` varchar(100) NOT NULL,
  `username_date` timestamp NOT NULL DEFAULT current_timestamp() ON UPDATE current_timestamp(),
  `copyright` varchar(50) NOT NULL,
  `designed_by` varchar(50) NOT NULL
) ENGINE=InnoDB DEFAULT CHARSET=utf8 COLLATE=utf8_general_ci;

--
-- Dumping data for table `sems_apps`
--

INSERT INTO `sems_apps` (`recid`, `app_name`, `app_short_name`, `app_logo`, `app_header_color`, `app_header_textcolor`, `app_error_color`, `app_menu_hover_color`, `tableuser`, `encoded_by`, `username_action`, `username_date`, `copyright`, `designed_by`) VALUES
(1, 'Sportify', 'Sportify', 'sems-logo1.png', '#800000', '#000000', '#FC0505', '#f6b418', 'application_users', 'administrator', '', '2024-01-09 01:41:58', '2024', 'Group Three (3)');

-- --------------------------------------------------------

--
-- Table structure for table `sports_activity`
--

CREATE TABLE `sports_activity` (
  `recid_sports_activity` int(11) NOT NULL,
  `recid_event_request` int(11) NOT NULL,
  `sports_title` varchar(100) NOT NULL,
  `sports_type` varchar(50) NOT NULL,
  `group_no` int(11) NOT NULL,
  `group_unit` varchar(30) NOT NULL,
  `encoded_by` varchar(100) NOT NULL,
  `username_action` varchar(10) NOT NULL,
  `username_date` timestamp NOT NULL DEFAULT current_timestamp() ON UPDATE current_timestamp()
) ENGINE=InnoDB DEFAULT CHARSET=utf8 COLLATE=utf8_general_ci;

--
-- Dumping data for table `sports_activity`
--

INSERT INTO `sports_activity` (`recid_sports_activity`, `recid_event_request`, `sports_title`, `sports_type`, `group_no`, `group_unit`, `encoded_by`, `username_action`, `username_date`) VALUES
(1, 62, 'Basketball Tournament', 'Basketball', 5, 'Team', '', '', '2024-01-20 14:31:49'),
(2, 62, 'Volleyball Tournament', 'Volleyball', 10, 'Team', '', '', '2024-01-20 14:39:39'),
(3, 65, 'BASKETBALL TOURNAMENT', 'Basketball', 5, 'Team', 'Organization President ', 'add', '2024-01-23 05:41:41'),
(4, 65, 'VOLLEYBALL TOURNAMENT', 'Volleyball', 10, 'Group', 'Organization President ', 'add', '2024-01-23 05:50:11'),
(5, 65, 'MINI-BASKETBALL 3X3', 'Basketball', 6, 'Team', 'Organization President ', 'add', '2024-01-23 05:51:26'),
(6, 65, 'MINI-VOLLEYBALL GAME', 'Volleyball', 12, 'Team', 'Organization President ', 'add', '2024-01-23 05:53:00');

-- --------------------------------------------------------

--
-- Table structure for table `sports_activity_details`
--

CREATE TABLE `sports_activity_details` (
  `recid_sports_activity_details` int(11) NOT NULL,
  `recid_sports_activity` int(11) NOT NULL,
  `team_name` varchar(100) NOT NULL,
  `coach_name` varchar(100) NOT NULL,
  `wins` varchar(10) NOT NULL,
  `loss` varchar(10) NOT NULL,
  `percentage` varchar(10) NOT NULL,
  `logo` varchar(100) NOT NULL,
  `encoded_by` varchar(100) NOT NULL,
  `username_action` varchar(10) NOT NULL,
  `username_date` timestamp NOT NULL DEFAULT current_timestamp() ON UPDATE current_timestamp()
) ENGINE=InnoDB DEFAULT CHARSET=utf8 COLLATE=utf8_general_ci;

--
-- Dumping data for table `sports_activity_details`
--

INSERT INTO `sports_activity_details` (`recid_sports_activity_details`, `recid_sports_activity`, `team_name`, `coach_name`, `wins`, `loss`, `percentage`, `logo`, `encoded_by`, `username_action`, `username_date`) VALUES
(1, 1, 'Team A', 'Dwimel Morta', '24', '18', '.571', '', '', '', '2024-01-21 01:07:25'),
(2, 1, 'Team B', 'Mark Marfil', '20', '23', '.465', '', '', '', '2024-01-21 01:09:16'),
(3, 3, 'BARAKO BULL', 'JASON BRUNO', '1', '0', '1', 'basketball_logo.png', 'Organization President ', 'add', '2024-01-27 09:23:39'),
(4, 3, 'SAN MIGUEL', 'LEO AUTRIAL', '0', '0', '.0', 'basketball_logo.png', 'Organization President ', 'add', '2024-01-26 06:00:05'),
(5, 3, 'MAGNOLIA', 'DWIMMEL', '0', '0', '.0', 'basketball_logo.png', 'Organization President ', 'add', '2024-01-26 06:45:43'),
(6, 4, 'TEAM A', 'JERAN MAGLANQUE', '0', '0', '.0', 'volleyball_logo.png', 'Organization President ', 'add', '2024-01-26 06:46:30'),
(7, 4, 'TEAM B', 'CARON LOPEZ', '0', '0', '.0', 'volleyball_logo.png', 'Organization President ', 'add', '2024-01-28 05:34:16'),
(8, 4, 'TEAM C', 'SHARON SANTOS', '0', '0', '.0', 'volleyball_logo.png', 'Organization President ', 'add', '2024-01-28 05:34:41'),
(9, 4, 'TEAM D', 'MIKE REYES', '0', '0', '.0', 'volleyball_logo.png', 'Organization President ', 'add', '2024-01-28 05:41:53'),
(10, 3, 'HONDA', 'JEFF TAN', '0', '0', '.0', 'basketball_logo.png', 'Organization President ', 'add', '2024-01-28 06:27:20');

-- --------------------------------------------------------

--
-- Table structure for table `sports_schedules_team`
--

CREATE TABLE `sports_schedules_team` (
  `recid_sports_schedules_team` int(11) NOT NULL,
  `recid_sports_activity` int(11) NOT NULL,
  `match_team1_name` varchar(100) NOT NULL,
  `match_team2_name` varchar(100) NOT NULL,
  `match_team1_logo` varchar(100) NOT NULL,
  `match_team2_logo` varchar(100) NOT NULL,
  `match_team1_scores` int(11) NOT NULL,
  `match_team2_scores` int(11) NOT NULL,
  `match_date` date NOT NULL,
  `match_date_text` varchar(30) NOT NULL,
  `match_time` varchar(20) NOT NULL,
  `match_time_text` varchar(30) NOT NULL,
  `match_venue` varchar(100) NOT NULL,
  `finish_match` varchar(3) DEFAULT 'No',
  `umpire_official` varchar(100) NOT NULL,
  `scorer_official` varchar(100) NOT NULL,
  `ref1_name` varchar(100) NOT NULL,
  `ref2_name` varchar(100) NOT NULL,
  `ref3_name` varchar(100) NOT NULL,
  `encoded_by` varchar(100) NOT NULL,
  `username_action` varchar(10) NOT NULL,
  `username_date` timestamp NOT NULL DEFAULT current_timestamp() ON UPDATE current_timestamp()
) ENGINE=InnoDB DEFAULT CHARSET=utf8 COLLATE=utf8_general_ci;

--
-- Dumping data for table `sports_schedules_team`
--

INSERT INTO `sports_schedules_team` (`recid_sports_schedules_team`, `recid_sports_activity`, `match_team1_name`, `match_team2_name`, `match_team1_logo`, `match_team2_logo`, `match_team1_scores`, `match_team2_scores`, `match_date`, `match_date_text`, `match_time`, `match_time_text`, `match_venue`, `finish_match`, `umpire_official`, `scorer_official`, `ref1_name`, `ref2_name`, `ref3_name`, `encoded_by`, `username_action`, `username_date`) VALUES
(28, 3, 'BARAKO BULL', 'HONDA', 'basketball_logo.png', 'basketball_logo.png', 0, 0, '2024-01-29', 'January 29, 2024 ', '08:30', '08:30 AM', 'School Basketball Gym', 'No', 'Umpire Officer', 'Scorer Officer', 'Referee 1', 'Referee 2', 'Referee 3', 'Organization President ', 'add', '2024-01-28 15:32:31'),
(29, 3, 'MAGNOLIA', 'SAN MIGUEL', 'basketball_logo.png', 'basketball_logo.png', 0, 0, '2024-01-29', 'January 29, 2024 ', '14:00', '02:00 PM', 'School Basketball Gym', 'No', 'Umpire Officer', 'Scorer Officer', 'Referee 1', 'Referee 2', 'Referee 3', 'Organization President ', 'add', '2024-01-28 15:36:19'),
(30, 3, 'MAGNOLIA', 'HONDA', 'basketball_logo.png', 'basketball_logo.png', 0, 0, '2024-01-30', 'January 30, 2024 ', '09:00', '09:00 AM', 'School Basketball Gym', 'No', 'Umpire Officer', 'Scorer Officer', 'Referee 1', 'Referee 2', 'Referee 3', 'Organization President ', 'add', '2024-01-28 15:37:47'),
(31, 3, 'BARAKO BULL', 'SAN MIGUEL', 'basketball_logo.png', 'basketball_logo.png', 0, 0, '2024-01-30', 'January 30, 2024 ', '11:00', '11:00 AM', 'School Basketball Gym', 'No', 'Umpire Officer', 'Scorer Officer', 'Referee 1', 'Referee 2', 'Referee 3', 'Organization President ', 'add', '2024-01-28 15:38:27'),
(32, 3, 'BARAKO BULL', 'MAGNOLIA', 'basketball_logo.png', 'basketball_logo.png', 0, 0, '2024-01-31', 'January 31, 2024 ', '08:00', '08:00 AM', 'School Basketball Gym', 'No', 'Umpire Officer', 'Scorer Officer', 'Referee 1', 'Referee 2', 'Referee 3', 'Organization President ', 'add', '2024-01-28 15:39:56');

-- --------------------------------------------------------

--
-- Table structure for table `sports_schedules_team_players`
--

CREATE TABLE `sports_schedules_team_players` (
  `recid_sports_schedules_team_players` int(11) NOT NULL,
  `recid_sports_schedules_team` int(11) NOT NULL,
  `recid_sports_activity_details` int(11) NOT NULL,
  `team_name` varchar(100) NOT NULL,
  `recid_player_per_team` int(11) NOT NULL,
  `player_name` varchar(100) NOT NULL,
  `player_position` varchar(50) NOT NULL,
  `player_height` varchar(20) NOT NULL,
  `player_total_points` int(11) NOT NULL,
  `player_1points` int(11) NOT NULL,
  `player_2points` int(11) NOT NULL,
  `player_3points` int(11) NOT NULL,
  `player_rebound` int(11) NOT NULL,
  `player_assist` int(11) NOT NULL,
  `player_block` int(11) NOT NULL,
  `player_regular_foul` int(11) NOT NULL,
  `player_technical_foul` int(11) NOT NULL,
  `player_turnover` int(11) NOT NULL,
  `player_freethrow` varchar(20) NOT NULL,
  `encoded_by` varchar(100) NOT NULL,
  `username_action` varchar(10) NOT NULL,
  `username_date` timestamp NOT NULL DEFAULT current_timestamp() ON UPDATE current_timestamp()
) ENGINE=InnoDB DEFAULT CHARSET=utf8 COLLATE=utf8_general_ci;

--
-- Dumping data for table `sports_schedules_team_players`
--

INSERT INTO `sports_schedules_team_players` (`recid_sports_schedules_team_players`, `recid_sports_schedules_team`, `recid_sports_activity_details`, `team_name`, `recid_player_per_team`, `player_name`, `player_position`, `player_height`, `player_total_points`, `player_1points`, `player_2points`, `player_3points`, `player_rebound`, `player_assist`, `player_block`, `player_regular_foul`, `player_technical_foul`, `player_turnover`, `player_freethrow`, `encoded_by`, `username_action`, `username_date`) VALUES
(6, 28, 3, 'BARAKO BULL', 23, 'P Guard Barako', 'Point Guard', '6 feet 1 in', 0, 0, 0, 0, 0, 0, 0, 0, 0, 0, '', '', '', '2024-01-28 15:32:31'),
(7, 28, 3, 'BARAKO BULL', 24, 'S Guard Barako', 'Shooting Guard', '6 feet 3 in', 0, 0, 0, 0, 0, 0, 0, 0, 0, 0, '', '', '', '2024-01-28 15:32:31'),
(8, 28, 3, 'BARAKO BULL', 25, 'S Forward Barako', 'Small Forward', '6 feet 6 in', 0, 0, 0, 0, 0, 0, 0, 0, 0, 0, '', '', '', '2024-01-28 15:32:31'),
(9, 28, 3, 'BARAKO BULL', 26, 'P Forward Barako', 'Power Forward', '6 feet 5 in', 0, 0, 0, 0, 0, 0, 0, 0, 0, 0, '', '', '', '2024-01-28 15:32:31'),
(10, 28, 3, 'BARAKO BULL', 27, 'Center Barako', 'Center', '6 feet 8 in', 0, 0, 0, 0, 0, 0, 0, 0, 0, 0, '', '', '', '2024-01-28 15:32:31'),
(11, 28, 10, 'HONDA', 8, 'P Guard Honda', 'Point Guard', '5 feet 10 in', 0, 0, 0, 0, 0, 0, 0, 0, 0, 0, '', '', '', '2024-01-28 15:32:31'),
(12, 28, 10, 'HONDA', 9, 'S Guard Honda', 'Shooting Guard', '6 feet 2 in', 0, 0, 0, 0, 0, 0, 0, 0, 0, 0, '', '', '', '2024-01-28 15:32:31'),
(13, 28, 10, 'HONDA', 10, 'S Forward Honda', 'Small Forward', '6 feet 4 in', 0, 0, 0, 0, 0, 0, 0, 0, 0, 0, '', '', '', '2024-01-28 15:32:31'),
(14, 28, 10, 'HONDA', 11, 'P Forward Honda', 'Power Forward', '6 feet 5 in', 0, 0, 0, 0, 0, 0, 0, 0, 0, 0, '', '', '', '2024-01-28 15:32:31'),
(15, 28, 10, 'HONDA', 12, 'Center Honda', 'Center', '6 feet 7 in', 0, 0, 0, 0, 0, 0, 0, 0, 0, 0, '', '', '', '2024-01-28 15:32:31'),
(16, 29, 5, 'MAGNOLIA', 13, 'P Guard Magnolia', 'Point Guard', '5 feet 10 in', 0, 0, 0, 0, 0, 0, 0, 0, 0, 0, '', '', '', '2024-01-28 15:36:19'),
(17, 29, 5, 'MAGNOLIA', 14, 'S Guard Magnolia', 'Shooting Guard', '6 feet 2 in', 0, 0, 0, 0, 0, 0, 0, 0, 0, 0, '', '', '', '2024-01-28 15:36:19'),
(18, 29, 5, 'MAGNOLIA', 15, 'S Forward Magnolia', 'Small Forward', '6 feet 4 in', 0, 0, 0, 0, 0, 0, 0, 0, 0, 0, '', '', '', '2024-01-28 15:36:19'),
(19, 29, 5, 'MAGNOLIA', 16, 'P Foward Magnolia', 'Power Forward', '6 feet 5 in', 0, 0, 0, 0, 0, 0, 0, 0, 0, 0, '', '', '', '2024-01-28 15:36:19'),
(20, 29, 5, 'MAGNOLIA', 17, 'Center Magnolia', 'Center', '6 feet 10 in', 0, 0, 0, 0, 0, 0, 0, 0, 0, 0, '', '', '', '2024-01-28 15:36:19'),
(21, 29, 4, 'SAN MIGUEL', 18, 'P Guard San Miguel', 'Point Guard', '6 feet 2 in', 0, 0, 0, 0, 0, 0, 0, 0, 0, 0, '', '', '', '2024-01-28 15:36:19'),
(22, 29, 4, 'SAN MIGUEL', 19, 'S Guard San Miguel', 'Shooting Guard', '6 feet 2 in', 0, 0, 0, 0, 0, 0, 0, 0, 0, 0, '', '', '', '2024-01-28 15:36:19'),
(23, 29, 4, 'SAN MIGUEL', 20, 'S Forward San Miguel', 'Small Forward', '6 feet 4 in', 0, 0, 0, 0, 0, 0, 0, 0, 0, 0, '', '', '', '2024-01-28 15:36:19'),
(24, 29, 4, 'SAN MIGUEL', 21, 'P Foward San Miguel', 'Power Forward', '6 feet 6 in', 0, 0, 0, 0, 0, 0, 0, 0, 0, 0, '', '', '', '2024-01-28 15:36:19'),
(25, 29, 4, 'SAN MIGUEL', 22, 'Center  San Miguel', 'Center', '6 feet 8 in', 0, 0, 0, 0, 0, 0, 0, 0, 0, 0, '', '', '', '2024-01-28 15:36:19'),
(26, 30, 5, 'MAGNOLIA', 13, 'P Guard Magnolia', 'Point Guard', '5 feet 10 in', 0, 0, 0, 0, 0, 0, 0, 0, 0, 0, '', '', '', '2024-01-28 15:37:47'),
(27, 30, 5, 'MAGNOLIA', 14, 'S Guard Magnolia', 'Shooting Guard', '6 feet 2 in', 0, 0, 0, 0, 0, 0, 0, 0, 0, 0, '', '', '', '2024-01-28 15:37:47'),
(28, 30, 5, 'MAGNOLIA', 15, 'S Forward Magnolia', 'Small Forward', '6 feet 4 in', 0, 0, 0, 0, 0, 0, 0, 0, 0, 0, '', '', '', '2024-01-28 15:37:47'),
(29, 30, 5, 'MAGNOLIA', 16, 'P Foward Magnolia', 'Power Forward', '6 feet 5 in', 0, 0, 0, 0, 0, 0, 0, 0, 0, 0, '', '', '', '2024-01-28 15:37:47'),
(30, 30, 5, 'MAGNOLIA', 17, 'Center Magnolia', 'Center', '6 feet 10 in', 0, 0, 0, 0, 0, 0, 0, 0, 0, 0, '', '', '', '2024-01-28 15:37:47'),
(31, 30, 10, 'HONDA', 8, 'P Guard Honda', 'Point Guard', '5 feet 10 in', 0, 0, 0, 0, 0, 0, 0, 0, 0, 0, '', '', '', '2024-01-28 15:37:47'),
(32, 30, 10, 'HONDA', 9, 'S Guard Honda', 'Shooting Guard', '6 feet 2 in', 0, 0, 0, 0, 0, 0, 0, 0, 0, 0, '', '', '', '2024-01-28 15:37:47'),
(33, 30, 10, 'HONDA', 10, 'S Forward Honda', 'Small Forward', '6 feet 4 in', 0, 0, 0, 0, 0, 0, 0, 0, 0, 0, '', '', '', '2024-01-28 15:37:47'),
(34, 30, 10, 'HONDA', 11, 'P Forward Honda', 'Power Forward', '6 feet 5 in', 0, 0, 0, 0, 0, 0, 0, 0, 0, 0, '', '', '', '2024-01-28 15:37:47'),
(35, 30, 10, 'HONDA', 12, 'Center Honda', 'Center', '6 feet 7 in', 0, 0, 0, 0, 0, 0, 0, 0, 0, 0, '', '', '', '2024-01-28 15:37:47'),
(36, 31, 3, 'BARAKO BULL', 23, 'P Guard Barako', 'Point Guard', '6 feet 1 in', 0, 0, 0, 0, 0, 0, 0, 0, 0, 0, '', '', '', '2024-01-28 15:38:27'),
(37, 31, 3, 'BARAKO BULL', 24, 'S Guard Barako', 'Shooting Guard', '6 feet 3 in', 0, 0, 0, 0, 0, 0, 0, 0, 0, 0, '', '', '', '2024-01-28 15:38:27'),
(38, 31, 3, 'BARAKO BULL', 25, 'S Forward Barako', 'Small Forward', '6 feet 6 in', 0, 0, 0, 0, 0, 0, 0, 0, 0, 0, '', '', '', '2024-01-28 15:38:27'),
(39, 31, 3, 'BARAKO BULL', 26, 'P Forward Barako', 'Power Forward', '6 feet 5 in', 0, 0, 0, 0, 0, 0, 0, 0, 0, 0, '', '', '', '2024-01-28 15:38:27'),
(40, 31, 3, 'BARAKO BULL', 27, 'Center Barako', 'Center', '6 feet 8 in', 0, 0, 0, 0, 0, 0, 0, 0, 0, 0, '', '', '', '2024-01-28 15:38:27'),
(41, 31, 4, 'SAN MIGUEL', 18, 'P Guard San Miguel', 'Point Guard', '6 feet 2 in', 0, 0, 0, 0, 0, 0, 0, 0, 0, 0, '', '', '', '2024-01-28 15:38:27'),
(42, 31, 4, 'SAN MIGUEL', 19, 'S Guard San Miguel', 'Shooting Guard', '6 feet 2 in', 0, 0, 0, 0, 0, 0, 0, 0, 0, 0, '', '', '', '2024-01-28 15:38:27'),
(43, 31, 4, 'SAN MIGUEL', 20, 'S Forward San Miguel', 'Small Forward', '6 feet 4 in', 0, 0, 0, 0, 0, 0, 0, 0, 0, 0, '', '', '', '2024-01-28 15:38:27'),
(44, 31, 4, 'SAN MIGUEL', 21, 'P Foward San Miguel', 'Power Forward', '6 feet 6 in', 0, 0, 0, 0, 0, 0, 0, 0, 0, 0, '', '', '', '2024-01-28 15:38:27'),
(45, 31, 4, 'SAN MIGUEL', 22, 'Center  San Miguel', 'Center', '6 feet 8 in', 0, 0, 0, 0, 0, 0, 0, 0, 0, 0, '', '', '', '2024-01-28 15:38:27'),
(46, 32, 3, 'BARAKO BULL', 23, 'P Guard Barako', 'Point Guard', '6 feet 1 in', 0, 0, 0, 0, 0, 0, 0, 0, 0, 0, '', '', '', '2024-01-28 15:39:56'),
(47, 32, 3, 'BARAKO BULL', 24, 'S Guard Barako', 'Shooting Guard', '6 feet 3 in', 0, 0, 0, 0, 0, 0, 0, 0, 0, 0, '', '', '', '2024-01-28 15:39:56'),
(48, 32, 3, 'BARAKO BULL', 25, 'S Forward Barako', 'Small Forward', '6 feet 6 in', 0, 0, 0, 0, 0, 0, 0, 0, 0, 0, '', '', '', '2024-01-28 15:39:56'),
(49, 32, 3, 'BARAKO BULL', 26, 'P Forward Barako', 'Power Forward', '6 feet 5 in', 0, 0, 0, 0, 0, 0, 0, 0, 0, 0, '', '', '', '2024-01-28 15:39:56'),
(50, 32, 3, 'BARAKO BULL', 27, 'Center Barako', 'Center', '6 feet 8 in', 0, 0, 0, 0, 0, 0, 0, 0, 0, 0, '', '', '', '2024-01-28 15:39:56'),
(51, 32, 5, 'MAGNOLIA', 13, 'P Guard Magnolia', 'Point Guard', '5 feet 10 in', 0, 0, 0, 0, 0, 0, 0, 0, 0, 0, '', '', '', '2024-01-28 15:39:56'),
(52, 32, 5, 'MAGNOLIA', 14, 'S Guard Magnolia', 'Shooting Guard', '6 feet 2 in', 0, 0, 0, 0, 0, 0, 0, 0, 0, 0, '', '', '', '2024-01-28 15:39:56'),
(53, 32, 5, 'MAGNOLIA', 15, 'S Forward Magnolia', 'Small Forward', '6 feet 4 in', 0, 0, 0, 0, 0, 0, 0, 0, 0, 0, '', '', '', '2024-01-28 15:39:56'),
(54, 32, 5, 'MAGNOLIA', 16, 'P Foward Magnolia', 'Power Forward', '6 feet 5 in', 0, 0, 0, 0, 0, 0, 0, 0, 0, 0, '', '', '', '2024-01-28 15:39:57'),
(55, 32, 5, 'MAGNOLIA', 17, 'Center Magnolia', 'Center', '6 feet 10 in', 0, 0, 0, 0, 0, 0, 0, 0, 0, 0, '', '', '', '2024-01-28 15:39:57');

--
-- Indexes for dumped tables
--

--
-- Indexes for table `application_department`
--
ALTER TABLE `application_department`
  ADD PRIMARY KEY (`recid_dept`);

--
-- Indexes for table `application_users`
--
ALTER TABLE `application_users`
  ADD PRIMARY KEY (`recid_user`);

--
-- Indexes for table `application_user_access`
--
ALTER TABLE `application_user_access`
  ADD PRIMARY KEY (`recid_useraccess`);

--
-- Indexes for table `application_user_role`
--
ALTER TABLE `application_user_role`
  ADD PRIMARY KEY (`recid_userrole`);

--
-- Indexes for table `event_request`
--
ALTER TABLE `event_request`
  ADD PRIMARY KEY (`recid_event_request`);

--
-- Indexes for table `height`
--
ALTER TABLE `height`
  ADD PRIMARY KEY (`recid_height`);

--
-- Indexes for table `player_perteam`
--
ALTER TABLE `player_perteam`
  ADD PRIMARY KEY (`recid_player_per_team`);

--
-- Indexes for table `sems_apps`
--
ALTER TABLE `sems_apps`
  ADD PRIMARY KEY (`recid`);

--
-- Indexes for table `sports_activity`
--
ALTER TABLE `sports_activity`
  ADD PRIMARY KEY (`recid_sports_activity`);

--
-- Indexes for table `sports_activity_details`
--
ALTER TABLE `sports_activity_details`
  ADD PRIMARY KEY (`recid_sports_activity_details`);

--
-- Indexes for table `sports_schedules_team`
--
ALTER TABLE `sports_schedules_team`
  ADD PRIMARY KEY (`recid_sports_schedules_team`);

--
-- Indexes for table `sports_schedules_team_players`
--
ALTER TABLE `sports_schedules_team_players`
  ADD PRIMARY KEY (`recid_sports_schedules_team_players`);

--
-- AUTO_INCREMENT for dumped tables
--

--
-- AUTO_INCREMENT for table `application_department`
--
ALTER TABLE `application_department`
  MODIFY `recid_dept` int(11) NOT NULL AUTO_INCREMENT, AUTO_INCREMENT=44;

--
-- AUTO_INCREMENT for table `application_users`
--
ALTER TABLE `application_users`
  MODIFY `recid_user` int(11) NOT NULL AUTO_INCREMENT, AUTO_INCREMENT=87;

--
-- AUTO_INCREMENT for table `application_user_access`
--
ALTER TABLE `application_user_access`
  MODIFY `recid_useraccess` int(11) NOT NULL AUTO_INCREMENT, AUTO_INCREMENT=18;

--
-- AUTO_INCREMENT for table `application_user_role`
--
ALTER TABLE `application_user_role`
  MODIFY `recid_userrole` int(11) NOT NULL AUTO_INCREMENT, AUTO_INCREMENT=24;

--
-- AUTO_INCREMENT for table `event_request`
--
ALTER TABLE `event_request`
  MODIFY `recid_event_request` int(11) NOT NULL AUTO_INCREMENT, AUTO_INCREMENT=88;

--
-- AUTO_INCREMENT for table `height`
--
ALTER TABLE `height`
  MODIFY `recid_height` int(11) NOT NULL AUTO_INCREMENT, AUTO_INCREMENT=50;

--
-- AUTO_INCREMENT for table `player_perteam`
--
ALTER TABLE `player_perteam`
  MODIFY `recid_player_per_team` int(11) NOT NULL AUTO_INCREMENT, AUTO_INCREMENT=28;

--
-- AUTO_INCREMENT for table `sems_apps`
--
ALTER TABLE `sems_apps`
  MODIFY `recid` int(11) NOT NULL AUTO_INCREMENT, AUTO_INCREMENT=2;

--
-- AUTO_INCREMENT for table `sports_activity`
--
ALTER TABLE `sports_activity`
  MODIFY `recid_sports_activity` int(11) NOT NULL AUTO_INCREMENT, AUTO_INCREMENT=7;

--
-- AUTO_INCREMENT for table `sports_activity_details`
--
ALTER TABLE `sports_activity_details`
  MODIFY `recid_sports_activity_details` int(11) NOT NULL AUTO_INCREMENT, AUTO_INCREMENT=11;

--
-- AUTO_INCREMENT for table `sports_schedules_team`
--
ALTER TABLE `sports_schedules_team`
  MODIFY `recid_sports_schedules_team` int(11) NOT NULL AUTO_INCREMENT, AUTO_INCREMENT=33;

--
-- AUTO_INCREMENT for table `sports_schedules_team_players`
--
ALTER TABLE `sports_schedules_team_players`
  MODIFY `recid_sports_schedules_team_players` int(11) NOT NULL AUTO_INCREMENT, AUTO_INCREMENT=56;
COMMIT;

/*!40101 SET CHARACTER_SET_CLIENT=@OLD_CHARACTER_SET_CLIENT */;
/*!40101 SET CHARACTER_SET_RESULTS=@OLD_CHARACTER_SET_RESULTS */;
/*!40101 SET COLLATION_CONNECTION=@OLD_COLLATION_CONNECTION */;
